Title:,"Time Series, Area-Averaged of Daily accumulated precipitation (combined microwave-IR) estimate - Final Run daily 0.1 ()"
User Start Date:,2010-01-01T00:00:00Z
User End Date:,2021-07-01T23:59:59Z
User Bounding Box:,"-83.5345,41.4569,-83.3368,41.6547"
Data Bounding Box:,
URL to Reproduce Results:,"https://giovanni.gsfc.nasa.gov/giovanni/#service=ArAvTs&starttime=2010-01-01T00:00:00Z&endtime=2021-07-01T23:59:59Z&shape=tl_2014_us_state/shp_24&bbox=-83.5345,41.4569,-83.3368,41.6547&data=GPM_3IMERGDF_06_precipitationCal&variableFacets=dataFieldDiscipline%3AHydrology%3B&portal=GIOVANNI&format=json"
Fill Value (mean_GPM_3IMERGDF_06_precipitationCal):,-9999.9
,
time, mean_GPM_3IMERGDF_06_precipitationCal
1/1/10,0
1/2/10,0.000578105
1/3/10,0.007010087
1/4/10,0.269913018
1/5/10,0.008955324
1/6/10,0.031084988
1/7/10,0.696356177
1/8/10,0
1/9/10,0
1/10/10,0
1/11/10,0.644717872
1/12/10,0.12167719
1/13/10,0
1/14/10,0
1/15/10,0
1/16/10,0
1/17/10,0.406106025
1/18/10,0
1/19/10,0
1/20/10,3.0788722
1/21/10,2.06929612
1/22/10,0.140322477
1/23/10,2.64258456
1/24/10,16.201088
1/25/10,0.035991564
1/26/10,0
1/27/10,0.001418575
1/28/10,0
1/29/10,0
1/30/10,0.181836903
1/31/10,0
2/1/10,0.006666697
2/2/10,9.65E-05
2/3/10,0
2/4/10,0.12931475
2/5/10,3.18095493
2/6/10,0.634570837
2/7/10,0
2/8/10,0
2/9/10,31.7327576
2/10/10,5.49332905
2/11/10,0
2/12/10,0
2/13/10,0
2/14/10,0
2/15/10,0
2/16/10,0
2/17/10,0
2/18/10,0
2/19/10,0
2/20/10,0
2/21/10,0
2/22/10,0.746783197
2/23/10,0.057473797
2/24/10,0.1140154
2/25/10,0
2/26/10,0.808122158
2/27/10,0.349951684
2/28/10,0
3/1/10,0
3/2/10,0
3/3/10,0
3/4/10,0
3/5/10,0
3/6/10,0
3/7/10,0
3/8/10,0
3/9/10,0
3/10/10,1.50730038
3/11/10,1.2778703
3/12/10,4.76974297
3/13/10,5.12093782
3/14/10,1.97143972
3/15/10,0.68764627
3/16/10,0.123873517
3/17/10,0.135586977
3/18/10,0.047960222
3/19/10,0.002130585
3/20/10,0.04292753
3/21/10,0.865471244
3/22/10,8.04695034
3/23/10,0.003351592
3/24/10,0.024410816
3/25/10,13.570776
3/26/10,1.66225243
3/27/10,0.075839192
3/28/10,16.7149296
3/29/10,3.78049636
3/30/10,0
3/31/10,0.007640512
4/1/10,1.92028999
4/2/10,0.847874403
4/3/10,1.19236994
4/4/10,0.01940795
4/5/10,1.29591537
4/6/10,0.809021294
4/7/10,14.7862425
4/8/10,17.7998199
4/9/10,0.013210619
4/10/10,0.01047326
4/11/10,0.186293527
4/12/10,0.222621217
4/13/10,5.12695169
4/14/10,0
4/15/10,0.038817655
4/16/10,4.47050667
4/17/10,0
4/18/10,0
4/19/10,0
4/20/10,0.188089833
4/21/10,0.032616604
4/22/10,0.067205712
4/23/10,1.24176991
4/24/10,2.83534241
4/25/10,33.833252
4/26/10,8.55038357
4/27/10,0
4/28/10,0
4/29/10,1.10549736
4/30/10,6.69E-05
5/1/10,19.9783745
5/2/10,9.70658302
5/3/10,2.34358215
5/4/10,10.0722837
5/5/10,2.59355116
5/6/10,2.06972837
5/7/10,14.4817629
5/8/10,1.42153573
5/9/10,0
5/10/10,0.032062132
5/11/10,14.2749376
5/12/10,0.710360765
5/13/10,4.14056683
5/14/10,5.93645
5/15/10,0.083489947
5/16/10,1.15483606
5/17/10,17.7490692
5/18/10,0.324558675
5/19/10,0
5/20/10,0.067431413
5/21/10,8.66651154
5/22/10,2.39943647
5/23/10,0
5/24/10,0
5/25/10,0.008805855
5/26/10,0.050095528
5/27/10,11.3952456
5/28/10,0.900474429
5/29/10,0
5/30/10,0.009427582
5/31/10,22.6570797
6/1/10,7.31504107
6/2/10,3.44374251
6/3/10,0.30251053
6/4/10,0.173494205
6/5/10,3.66215611
6/6/10,32.4957733
6/7/10,0
6/8/10,5.7995863
6/9/10,5.79653931
6/10/10,0
6/11/10,2.72485304
6/12/10,0.312777519
6/13/10,5.19255018
6/14/10,0.151015341
6/15/10,1.66916358
6/16/10,0.25907135
6/17/10,0
6/18/10,7.47E-05
6/19/10,5.92701006
6/20/10,0
6/21/10,1.46077919
6/22/10,14.6056051
6/23/10,4.43660927
6/24/10,6.97129536
6/25/10,0
6/26/10,0.680356324
6/27/10,16.7811756
6/28/10,4.60236835
6/29/10,0
6/30/10,0
7/1/10,0
7/2/10,0
7/3/10,0
7/4/10,0
7/5/10,0.004135044
7/6/10,0
7/7/10,0
7/8/10,8.18440151
7/9/10,3.6533463
7/10/10,0
7/11/10,1.00458217
7/12/10,3.07279396
7/13/10,3.00423169
7/14/10,0
7/15/10,0.308823049
7/16/10,2.58787346
7/17/10,0.037090328
7/18/10,1.34701598
7/19/10,1.02760208
7/20/10,1.27086198
7/21/10,0.008985957
7/22/10,8.0094223
7/23/10,0.912770689
7/24/10,31.4883327
7/25/10,20.6581707
7/26/10,0.991886735
7/27/10,0
7/28/10,4.56214428
7/29/10,0.019921904
7/30/10,0.127839267
7/31/10,1.46228421
8/1/10,0
8/2/10,0.003826305
8/3/10,1.13605046
8/4/10,2.0480895
8/5/10,2.71639204
8/6/10,0.000545661
8/7/10,0.225842357
8/8/10,0.010751861
8/9/10,2.84463406
8/10/10,0.251841336
8/11/10,16.2890835
8/12/10,0
8/13/10,0
8/14/10,2.05474496
8/15/10,6.81086493
8/16/10,0.393967569
8/17/10,0.052590564
8/18/10,0.312879175
8/19/10,0
8/20/10,0
8/21/10,16.6656418
8/22/10,0
8/23/10,0
8/24/10,0
8/25/10,0
8/26/10,0
8/27/10,0
8/28/10,0
8/29/10,0
8/30/10,0
8/31/10,0
9/1/10,0.076253377
9/2/10,1.61663961
9/3/10,0.57077837
9/4/10,3.29E-05
9/5/10,0
9/6/10,2.18980694
9/7/10,0
9/8/10,0.000600303
9/9/10,0
9/10/10,0
9/11/10,13.6075373
9/12/10,0
9/13/10,0.514150083
9/14/10,0.000271688
9/15/10,0
9/16/10,21.5804653
9/17/10,0
9/18/10,0.086156055
9/19/10,0.193391412
9/20/10,0
9/21/10,0.001255302
9/22/10,4.37218237
9/23/10,0
9/24/10,0.068070024
9/25/10,0
9/26/10,0.008493807
9/27/10,1.21076167
9/28/10,16.2388954
9/29/10,0.021403397
9/30/10,0.037965912
10/1/10,0
10/2/10,6.04359102
10/3/10,0.148950383
10/4/10,0.001772405
10/5/10,0.042813264
10/6/10,0
10/7/10,0
10/8/10,0
10/9/10,0.000427426
10/10/10,0
10/11/10,0.090950139
10/12/10,0.030739395
10/13/10,0.339132547
10/14/10,17.4478722
10/15/10,0.32079646
10/16/10,0
10/17/10,0.016287962
10/18/10,2.13037467
10/19/10,0.030285433
10/20/10,0.036294688
10/21/10,0.547512233
10/22/10,0.040015694
10/23/10,1.19842803
10/24/10,3.07860923
10/25/10,1.11953413
10/26/10,8.28305531
10/27/10,0
10/28/10,0.033069208
10/29/10,0.016113374
10/30/10,0.122100309
10/31/10,0
11/1/10,0
11/2/10,0.001569605
11/3/10,0.368662149
11/4/10,0.593693733
11/5/10,0
11/6/10,0.04985432
11/7/10,0.020636924
11/8/10,0
11/9/10,0
11/10/10,0
11/11/10,0
11/12/10,0
11/13/10,0.015510845
11/14/10,0.41417101
11/15/10,0
11/16/10,11.8697433
11/17/10,4.07737494
11/18/10,0.000549206
11/19/10,0
11/20/10,0
11/21/10,0.175450191
11/22/10,1.5170815
11/23/10,9.31105042
11/24/10,0.60844624
11/25/10,47.4203529
11/26/10,7.53268909
11/27/10,0
11/28/10,0
11/29/10,0
11/30/10,14.6018953
12/1/10,0.002089569
12/2/10,0
12/3/10,0
12/4/10,0.586207271
12/5/10,0
12/6/10,0
12/7/10,0.002428069
12/8/10,0
12/9/10,0.098277524
12/10/10,0.663691878
12/11/10,0.021543041
12/12/10,9.92438889
12/13/10,0.937208354
12/14/10,0
12/15/10,0
12/16/10,0.126124114
12/17/10,0
12/18/10,0
12/19/10,0
12/20/10,0
12/21/10,12.3512964
12/22/10,0.134181187
12/23/10,0
12/24/10,0.76378715
12/25/10,2.47455049
12/26/10,0
12/27/10,0
12/28/10,0
12/29/10,0.074410774
12/30/10,0.777403295
12/31/10,3.36479926
1/1/11,23.5002537
1/2/11,0.020389458
1/3/11,0.000365524
1/4/11,0.362856686
1/5/11,0
1/6/11,0.001416337
1/7/11,0.141719952
1/8/11,1.45374179
1/9/11,0
1/10/11,0.433889955
1/11/11,1.60404634
1/12/11,0.041244499
1/13/11,0.322963238
1/14/11,1.74644864
1/15/11,3.16924191
1/16/11,6.49444771
1/17/11,0.158775464
1/18/11,2.57804775
1/19/11,0
1/20/11,3.13969445
1/21/11,0.37182942
1/22/11,0
1/23/11,0
1/24/11,0.002720868
1/25/11,1.15160441
1/26/11,0.406566083
1/27/11,0
1/28/11,0
1/29/11,0
1/30/11,0
1/31/11,3.36940026
2/1/11,33.307003
2/2/11,15.3213711
2/3/11,0
2/4/11,0
2/5/11,0.408218324
2/6/11,0
2/7/11,0.091583401
2/8/11,0.006879563
2/9/11,5.08287668
2/10/11,0
2/11/11,0.0465439
2/12/11,0.16512762
2/13/11,9.24974442
2/14/11,0.175866872
2/15/11,0.002701627
2/16/11,0.016714072
2/17/11,2.5094552
2/18/11,0
2/19/11,0
2/20/11,2.26334023
2/21/11,12.6184263
2/22/11,0.111145906
2/23/11,0
2/24/11,0.150257602
2/25/11,4.19502687
2/26/11,1.97742999
2/27/11,4.82854509
2/28/11,21.6524124
3/1/11,0
3/2/11,0.00269981
3/3/11,0.049180355
3/4/11,4.04069328
3/5/11,23.6712494
3/6/11,1.26006091
3/7/11,0
3/8/11,0.733209968
3/9/11,7.87812233
3/10/11,11.0808134
3/11/11,3.22656512
3/12/11,0.291668564
3/13/11,0.052758981
3/14/11,0.922902524
3/15/11,8.19633389
3/16/11,1.07513487
3/17/11,0.764507532
3/18/11,0.693442523
3/19/11,0.030258307
3/20/11,4.36645842
3/21/11,10.576992
3/22/11,4.85940266
3/23/11,3.55360389
3/24/11,0.042454347
3/25/11,0.12271712
3/26/11,0
3/27/11,0.007451171
3/28/11,0
3/29/11,0
3/30/11,2.47518039
3/31/11,0.081036136
4/1/11,0.128227726
4/2/11,0.111125305
4/3/11,2.67965651
4/4/11,14.6365767
4/5/11,0.200508773
4/6/11,2.11746526
4/7/11,0.852742612
4/8/11,14.40592
4/9/11,0.046066787
4/10/11,0.147852644
4/11/11,6.61994171
4/12/11,0.056184597
4/13/11,0.020886308
4/14/11,0.063445643
4/15/11,2.29959512
4/16/11,3.77039623
4/17/11,0.101026572
4/18/11,3.98914456
4/19/11,7.54172564
4/20/11,16.0259552
4/21/11,0
4/22/11,14.0151958
4/23/11,9.93885899
4/24/11,1.17649221
4/25/11,19.156374
4/26/11,5.21006823
4/27/11,14.4918747
4/28/11,3.9306612
4/29/11,0.103150629
4/30/11,1.28256333
5/1/11,3.33627796
5/2/11,7.22932005
5/3/11,7.16453457
5/4/11,0
5/5/11,0
5/6/11,6.47221422
5/7/11,1.37183714
5/8/11,0.890154541
5/9/11,0.352096766
5/10/11,0.410038173
5/11/11,0
5/12/11,22.4065113
5/13/11,3.65979433
5/14/11,5.96152544
5/15/11,4.02133369
5/16/11,4.65369844
5/17/11,2.3593874
5/18/11,3.57415581
5/19/11,0.847100556
5/20/11,0
5/21/11,1.04958975
5/22/11,0.936688423
5/23/11,5.18210077
5/24/11,1.25976777
5/25/11,27.1931858
5/26/11,20.9942226
5/27/11,0.106867678
5/28/11,3.25891304
5/29/11,24.5818653
5/30/11,0.143005088
5/31/11,0
6/1/11,0.003560468
6/2/11,0
6/3/11,0.002014818
6/4/11,0.264745265
6/5/11,1.67236888
6/6/11,0
6/7/11,0.018439688
6/8/11,0.001096235
6/9/11,10.6014938
6/10/11,6.50938416
6/11/11,0.448075503
6/12/11,0
6/13/11,0.003469313
6/14/11,0.02018813
6/15/11,1.79712605
6/16/11,3.96482635
6/17/11,0
6/18/11,0
6/19/11,1.91220844
6/20/11,2.68110824
6/21/11,9.05532932
6/22/11,2.52783108
6/23/11,0.066216722
6/24/11,0.210864127
6/25/11,0.005891901
6/26/11,0
6/27/11,0.034275919
6/28/11,0.005918013
6/29/11,0
6/30/11,0.005133116
7/1/11,0
7/2/11,0.427800566
7/3/11,0.241456315
7/4/11,0.33679828
7/5/11,0
7/6/11,0
7/7/11,0.014606999
7/8/11,0.011797614
7/9/11,0
7/10/11,0
7/11/11,16.6920853
7/12/11,0
7/13/11,0.025602305
7/14/11,0.001447548
7/15/11,0.005130123
7/16/11,0
7/17/11,0
7/18/11,10.2401724
7/19/11,0.237699583
7/20/11,0.068870924
7/21/11,0
7/22/11,24.2504673
7/23/11,14.8621321
7/24/11,3.14558244
7/25/11,0.021916905
7/26/11,0
7/27/11,1.30502737
7/28/11,17.4562416
7/29/11,14.433877
7/30/11,0
7/31/11,0
8/1/11,6.93688965
8/2/11,0.187805995
8/3/11,12.6123924
8/4/11,0
8/5/11,0
8/6/11,3.7902174
8/7/11,6.82780313
8/8/11,0.00901923
8/9/11,6.6176877
8/10/11,0
8/11/11,0
8/12/11,0
8/13/11,1.19639444
8/14/11,3.84253836
8/15/11,0
8/16/11,0
8/17/11,0
8/18/11,2.17743707
8/19/11,1.28248847
8/20/11,2.1866622
8/21/11,4.49493694
8/22/11,0
8/23/11,0.699864566
8/24/11,30.2706604
8/25/11,13.1609612
8/26/11,0
8/27/11,0
8/28/11,0
8/29/11,0.005291461
8/30/11,0.275721252
8/31/11,1.89938986
9/1/11,0.000875115
9/2/11,0.130470872
9/3/11,0
9/4/11,6.36795521
9/5/11,0.235736117
9/6/11,0.001203637
9/7/11,2.3190639
9/8/11,11.7832098
9/9/11,2.80146074
9/10/11,5.46185493
9/11/11,0.685148835
9/12/11,0
9/13/11,0
9/14/11,5.73668623
9/15/11,6.80474472
9/16/11,0.43511048
9/17/11,0.316265911
9/18/11,0
9/19/11,20.9272919
9/20/11,0
9/21/11,0.084688537
9/22/11,0.032269381
9/23/11,29.2235737
9/24/11,0
9/25/11,1.95012307
9/26/11,40.9687309
9/27/11,0.903485894
9/28/11,2.7677176
9/29/11,10.1085348
9/30/11,0.107289985
10/1/11,0.226860896
10/2/11,0
10/3/11,0.687514365
10/4/11,0
10/5/11,0
10/6/11,0.005422252
10/7/11,0
10/8/11,0
10/9/11,0
10/10/11,2.07153082
10/11/11,0.000198146
10/12/11,7.66219187
10/13/11,0.317503393
10/14/11,0.293883353
10/15/11,1.52870321
10/16/11,8.34575939
10/17/11,0.085773543
10/18/11,4.7942667
10/19/11,30.4446659
10/20/11,9.42485428
10/21/11,0.132116958
10/22/11,0.066636369
10/23/11,0.048894148
10/24/11,5.38777876
10/25/11,0.250155538
10/26/11,14.2209272
10/27/11,4.29254818
10/28/11,0.014318305
10/29/11,0.245197713
10/30/11,0.049306732
10/31/11,0.652854681
11/1/11,0
11/2/11,0.284441799
11/3/11,3.10270047
11/4/11,0.962334216
11/5/11,0.038353678
11/6/11,0.004967313
11/7/11,3.20E-05
11/8/11,0.002845442
11/9/11,19.507782
11/10/11,0
11/11/11,0.002013574
11/12/11,0
11/13/11,0.017705616
11/14/11,27.495945
11/15/11,2.00747514
11/16/11,0.873103738
11/17/11,1.20643616
11/18/11,0.005896853
11/19/11,0.023806362
11/20/11,2.06952786
11/21/11,0.231491387
11/22/11,12.2035656
11/23/11,4.21842289
11/24/11,0
11/25/11,0
11/26/11,6.43494463
11/27/11,24.385704
11/28/11,8.88282871
11/29/11,43.8870163
11/30/11,0.06566406
12/1/11,4.35E-07
12/2/11,0.099925421
12/3/11,0.247845367
12/4/11,33.2994499
12/5/11,20.8600407
12/6/11,0.155826986
12/7/11,0
12/8/11,0.038007785
12/9/11,1.64650798
12/10/11,0.024475336
12/11/11,0
12/12/11,0.003206079
12/13/11,0.003264717
12/14/11,15.0839767
12/15/11,15.6361084
12/16/11,0.012131816
12/17/11,1.00709689
12/18/11,0.056869663
12/19/11,0.099188693
12/20/11,3.26163149
12/21/11,7.13434935
12/22/11,1.18535495
12/23/11,0.377036661
12/24/11,0.004143816
12/25/11,0.411095977
12/26/11,0.007526597
12/27/11,2.44710326
12/28/11,0.010792865
12/29/11,0.261110723
12/30/11,4.95633078
12/31/11,0.106125169
1/1/12,0.312550485
1/2/12,0.019287121
1/3/12,0.011421762
1/4/12,1.47119331
1/5/12,0.253869474
1/6/12,0.295572668
1/7/12,0.294654042
1/8/12,0.088219136
1/9/12,0.276830077
1/10/12,0
1/11/12,8.21148777
1/12/12,0.598848641
1/13/12,0.204675138
1/14/12,0.001776886
1/15/12,0.003689671
1/16/12,0.156425282
1/17/12,7.98599625
1/18/12,0.000528706
1/19/12,0.488138258
1/20/12,1.43821812
1/21/12,6.87721539
1/22/12,0.126737997
1/23/12,9.05035686
1/24/12,0
1/25/12,30.3744125
1/26/12,7.40194416
1/27/12,0.845763147
1/28/12,1.38046575
1/29/12,0.806446552
1/30/12,0.015507229
1/31/12,0.650740683
2/1/12,0.585995376
2/2/12,0.017930871
2/3/12,0.071779035
2/4/12,11.435956
2/5/12,0
2/6/12,0
2/7/12,0
2/8/12,0.80284667
2/9/12,0
2/10/12,1.24827373
2/11/12,0.001557345
2/12/12,0.210175708
2/13/12,4.50374651
2/14/12,5.19460487
2/15/12,0.027285043
2/16/12,1.53842533
2/17/12,0
2/18/12,0
2/19/12,0.050387178
2/20/12,0
2/21/12,3.37360954
2/22/12,0.656322956
2/23/12,1.61604369
2/24/12,2.71272993
2/25/12,0
2/26/12,0
2/27/12,0.011986224
2/28/12,0
2/29/12,22.5618629
3/1/12,0.809810579
3/2/12,22.8472176
3/3/12,0.00364462
3/4/12,0
3/5/12,0
3/6/12,0
3/7/12,0.484112501
3/8/12,3.65196991
3/9/12,0.005553605
3/10/12,0.099747382
3/11/12,0.029739441
3/12/12,7.03408194
3/13/12,6.62373447
3/14/12,0.200434133
3/15/12,7.76878834
3/16/12,16.859972
3/17/12,0
3/18/12,7.32047033
3/19/12,0.148739561
3/20/12,0.912872732
3/21/12,0.69190681
3/22/12,0.484570026
3/23/12,6.17846251
3/24/12,7.23179674
3/25/12,0.140361398
3/26/12,0
3/27/12,0.152753115
3/28/12,0.247582242
3/29/12,0
3/30/12,1.65818989
3/31/12,0
4/1/12,0.2191367
4/2/12,0.076718584
4/3/12,12.1262026
4/4/12,0.0293031
4/5/12,0.010377604
4/6/12,0
4/7/12,0
4/8/12,0.603239715
4/9/12,0.086039141
4/10/12,0.026370537
4/11/12,0.03650349
4/12/12,0
4/13/12,0.019183381
4/14/12,4.90520716
4/15/12,1.53855944
4/16/12,1.71579409
4/17/12,0.096631803
4/18/12,0.782252371
4/19/12,0.031208828
4/20/12,0.813473225
4/21/12,2.89836097
4/22/12,0.062029295
4/23/12,0.031870883
4/24/12,0
4/25/12,5.75793505
4/26/12,1.04237723
4/27/12,0
4/28/12,5.10103989
4/29/12,0
4/30/12,9.40445805
5/1/12,5.02199602
5/2/12,2.46230388
5/3/12,0.015511317
5/4/12,2.15225315
5/5/12,0
5/6/12,0.165290236
5/7/12,28.3442822
5/8/12,3.84603691
5/9/12,0.716431975
5/10/12,0.019509288
5/11/12,0
5/12/12,0.374897897
5/13/12,0.124249503
5/14/12,0.010329614
5/15/12,0
5/16/12,1.11369371
5/17/12,0
5/18/12,0
5/19/12,0
5/20/12,0.451294601
5/21/12,1.4228915
5/22/12,0.134196579
5/23/12,0
5/24/12,0
5/25/12,0.005063577
5/26/12,3.75133419
5/27/12,0.037788328
5/28/12,0.005271788
5/29/12,14.5025043
5/30/12,0
5/31/12,0.15138641
6/1/12,11.8316031
6/2/12,0
6/3/12,2.74652004
6/4/12,7.69E-05
6/5/12,0.060519178
6/6/12,0
6/7/12,0.005667814
6/8/12,0.177677646
6/9/12,0
6/10/12,0
6/11/12,6.65850353
6/12/12,4.40E-10
6/13/12,0
6/14/12,3.38229227
6/15/12,0
6/16/12,0.198190928
6/17/12,5.28449011
6/18/12,22.368906
6/19/12,0
6/20/12,0
6/21/12,1.96538138
6/22/12,1.50823402
6/23/12,0.007181522
6/24/12,0.080542907
6/25/12,0
6/26/12,0
6/27/12,0
6/28/12,0
6/29/12,8.35944653
6/30/12,1.6299367
7/1/12,0.643972814
7/2/12,0.000748165
7/3/12,4.39963341
7/4/12,2.50322652
7/5/12,13.5810213
7/6/12,0.000294188
7/7/12,0.017786602
7/8/12,0.615881205
7/9/12,0.247085586
7/10/12,0.070893675
7/11/12,0
7/12/12,0
7/13/12,0
7/14/12,0.020215392
7/15/12,2.86824918
7/16/12,0
7/17/12,0
7/18/12,2.24790215
7/19/12,9.83451557
7/20/12,5.40199566
7/21/12,0
7/22/12,0.001356318
7/23/12,1.3372519
7/24/12,0.624573231
7/25/12,0.001826757
7/26/12,2.97137809
7/27/12,16.6418362
7/28/12,0.328252017
7/29/12,0
7/30/12,0
7/31/12,1.07321298
8/1/12,0
8/2/12,0
8/3/12,0
8/4/12,0.955085158
8/5/12,34.3203201
8/6/12,0
8/7/12,0
8/8/12,0.009160748
8/9/12,8.36605453
8/10/12,22.8526211
8/11/12,0.108040586
8/12/12,0.694974422
8/13/12,1.24049401
8/14/12,12.1154356
8/15/12,1.4763552
8/16/12,0.599591613
8/17/12,0.464999527
8/18/12,0
8/19/12,0.002671435
8/20/12,0.409077942
8/21/12,1.22804356
8/22/12,0
8/23/12,0
8/24/12,0
8/25/12,0
8/26/12,0
8/27/12,25.3054714
8/28/12,0
8/29/12,0
8/30/12,0
8/31/12,0.324213773
9/1/12,1.28968585
9/2/12,3.25645018
9/3/12,0.116885304
9/4/12,8.5053606
9/5/12,5.0861845
9/6/12,0
9/7/12,3.44709992
9/8/12,26.9306927
9/9/12,0.138251022
9/10/12,0
9/11/12,0
9/12/12,0
9/13/12,0.079210363
9/14/12,2.17876554
9/15/12,0
9/16/12,0
9/17/12,0.01074994
9/18/12,7.15906715
9/19/12,0
9/20/12,1.19842529
9/21/12,7.27016449
9/22/12,23.1932793
9/23/12,0
9/24/12,0
9/25/12,0.404075891
9/26/12,0.425658762
9/27/12,0.03222359
9/28/12,0.098178774
9/29/12,0.001225683
9/30/12,0
10/1/12,0.01191006
10/2/12,7.02568579
10/3/12,0.064610042
10/4/12,0.000805654
10/5/12,3.95031238
10/6/12,6.28596401
10/7/12,0.448364377
10/8/12,0.021696363
10/9/12,0.052674122
10/10/12,0.59494561
10/11/12,0.024488473
10/12/12,0.205502003
10/13/12,9.6644392
10/14/12,5.36459827
10/15/12,0.114927076
10/16/12,0.010557394
10/17/12,7.82582855
10/18/12,17.0408154
10/19/12,5.9921217
10/20/12,0.644640803
10/21/12,0
10/22/12,0.16210112
10/23/12,3.22771335
10/24/12,0.204620183
10/25/12,0.010595266
10/26/12,8.90067768
10/27/12,0.694356978
10/28/12,3.59613395
10/29/12,4.09913969
10/30/12,6.47735739
10/31/12,0.027176455
11/1/12,0.19078137
11/2/12,0
11/3/12,0.030115245
11/4/12,0.546055079
11/5/12,0.022860909
11/6/12,0
11/7/12,0
11/8/12,0
11/9/12,0.002642377
11/10/12,6.41296196
11/11/12,0.133169755
11/12/12,14.003561
11/13/12,0.023043783
11/14/12,0
11/15/12,0
11/16/12,0
11/17/12,0
11/18/12,0
11/19/12,0.009983998
11/20/12,0.024324549
11/21/12,0
11/22/12,0
11/23/12,6.35788202
11/24/12,0
11/25/12,0.184264436
11/26/12,0.416619956
11/27/12,0.000263847
11/28/12,0
11/29/12,0
11/30/12,0.024233719
12/1/12,0.426202297
12/2/12,11.2940569
12/3/12,0
12/4/12,3.22773552
12/5/12,0.309774876
12/6/12,0.19010666
12/7/12,1.00393808
12/8/12,0.324525923
12/9/12,2.59938335
12/10/12,4.77099895
12/11/12,0
12/12/12,0
12/13/12,0.025126638
12/14/12,0.014153671
12/15/12,3.06051016
12/16/12,0.270882696
12/17/12,0.229343668
12/18/12,2.46131301
12/19/12,0.08582785
12/20/12,34.6201172
12/21/12,0.403933704
12/22/12,0.079138503
12/23/12,0
12/24/12,0.097458318
12/25/12,0
12/26/12,1.45187783
12/27/12,0.054932904
12/28/12,0.105827428
12/29/12,3.26681161
12/30/12,0
12/31/12,0.599953055
1/1/13,0.078051813
1/2/13,0
1/3/13,0
1/4/13,0
1/5/13,0
1/6/13,0
1/7/13,0
1/8/13,0.897821367
1/9/13,0.037796147
1/10/13,0.018544696
1/11/13,22.5347519
1/12/13,4.9321084
1/13/13,26.6098976
1/14/13,0.200659677
1/15/13,0
1/16/13,3.707093
1/17/13,0.097116776
1/18/13,0.00835655
1/19/13,0.088788658
1/20/13,0.004165499
1/21/13,0.361341923
1/22/13,0
1/23/13,0
1/24/13,0
1/25/13,15.0441055
1/26/13,0
1/27/13,2.3556807
1/28/13,1.83106422
1/29/13,3.56849885
1/30/13,23.1125088
1/31/13,0
2/1/13,0.005398061
2/2/13,0.729738116
2/3/13,0
2/4/13,0.066152237
2/5/13,0.903220654
2/6/13,0
2/7/13,1.61508453
2/8/13,0.032882903
2/9/13,0
2/10/13,26.3363113
2/11/13,0.740795553
2/12/13,0
2/13/13,0
2/14/13,0.039485578
2/15/13,0
2/16/13,0
2/17/13,0
2/18/13,0
2/19/13,8.03281116
2/20/13,0
2/21/13,0
2/22/13,0.963350773
2/23/13,0
2/24/13,0
2/25/13,0.003224927
2/26/13,19.989151
2/27/13,5.14516211
2/28/13,0.304886639
3/1/13,0
3/2/13,0
3/3/13,0
3/4/13,0
3/5/13,0
3/6/13,0.823925555
3/7/13,0.016051881
3/8/13,0.00161896
3/9/13,0.139204428
3/10/13,2.63189769
3/11/13,20.0950584
3/12/13,0.011853459
3/13/13,0.009605531
3/14/13,0.02685757
3/15/13,0.771124959
3/16/13,1.11682165
3/17/13,0.020421982
3/18/13,0.431938797
3/19/13,0.025617294
3/20/13,0.065249167
3/21/13,0.045609899
3/22/13,0
3/23/13,0
3/24/13,0.344471991
3/25/13,1.89331663
3/26/13,0.350251377
3/27/13,0.208711669
3/28/13,0.075395078
3/29/13,0
3/30/13,0.036511209
3/31/13,0.803990781
4/1/13,0.035691891
4/2/13,0
4/3/13,0
4/4/13,0.059442893
4/5/13,0.002271777
4/6/13,0.233631641
4/7/13,0.745411873
4/8/13,0.499799103
4/9/13,0.037614271
4/10/13,26.7625103
4/11/13,29.2091179
4/12/13,15.2889528
4/13/13,0.113571644
4/14/13,0.085655861
4/15/13,0.37246123
4/16/13,11.4762707
4/17/13,0.197587505
4/18/13,9.03173161
4/19/13,12.635973
4/20/13,0.054940131
4/21/13,0.02573836
4/22/13,0.047943965
4/23/13,2.18663001
4/24/13,12.5982513
4/25/13,0.172727942
4/26/13,0
4/27/13,0
4/28/13,9.53077412
4/29/13,0.256738484
4/30/13,0.220313236
5/1/13,0
5/2/13,0.01710498
5/3/13,0.384474039
5/4/13,0.16335395
5/5/13,0.087023057
5/6/13,0.104105182
5/7/13,0.154020876
5/8/13,0.470169991
5/9/13,0.927174628
5/10/13,7.74979496
5/11/13,0.095830083
5/12/13,0.002088839
5/13/13,0.041165933
5/14/13,0.1355059
5/15/13,1.9065969
5/16/13,0
5/17/13,0.022157546
5/18/13,0.298975587
5/19/13,0.00891674
5/20/13,0.007246716
5/21/13,0.926173091
5/22/13,2.42035747
5/23/13,1.38253641
5/24/13,0.005248134
5/25/13,0.027533695
5/26/13,0
5/27/13,14.4050837
5/28/13,13.1652536
5/29/13,1.48960066
5/30/13,1.21978903
5/31/13,7.46098137
6/1/13,11.9385939
6/2/13,1.58081174
6/3/13,0.003702269
6/4/13,0
6/5/13,0.333286881
6/6/13,3.77687883
6/7/13,0.191247433
6/8/13,0
6/9/13,0.320050865
6/10/13,14.6798553
6/11/13,2.48800373
6/12/13,4.12175417
6/13/13,21.4379902
6/14/13,0
6/15/13,1.1502496
6/16/13,9.48160267
6/17/13,0
6/18/13,2.92619252
6/19/13,0
6/20/13,0
6/21/13,0
6/22/13,7.60227871
6/23/13,8.5630064
6/24/13,1.52652586
6/25/13,1.77830541
6/26/13,17.280077
6/27/13,13.140377
6/28/13,3.07659793
6/29/13,4.14822435
6/30/13,0.885808706
7/1/13,18.2200146
7/2/13,0.185719281
7/3/13,1.96404624
7/4/13,3.96877027
7/5/13,4.69489384
7/6/13,4.10581303
7/7/13,1.6180886
7/8/13,9.04165649
7/9/13,3.53870678
7/10/13,38.8135033
7/11/13,0.013812193
7/12/13,0
7/13/13,0
7/14/13,0
7/15/13,0
7/16/13,1.22904825
7/17/13,0.281545728
7/18/13,0.376383364
7/19/13,0
7/20/13,44.2439804
7/21/13,0
7/22/13,8.81792736
7/23/13,0.083937846
7/24/13,0
7/25/13,0
7/26/13,0.02081158
7/27/13,2.25717402
7/28/13,0.002191723
7/29/13,0.047980562
7/30/13,0
7/31/13,0.160587758
8/1/13,1.14566147
8/2/13,2.78256154
8/3/13,0.460599124
8/4/13,1.44E-05
8/5/13,0.658746839
8/6/13,0.047770724
8/7/13,8.26100826
8/8/13,0.035736486
8/9/13,0.016388964
8/10/13,0
8/11/13,0
8/12/13,0.738918602
8/13/13,1.08269286
8/14/13,0
8/15/13,0
8/16/13,0.101388104
8/17/13,0
8/18/13,0
8/19/13,0
8/20/13,0
8/21/13,0
8/22/13,6.02895784
8/23/13,2.77971005
8/24/13,0
8/25/13,0
8/26/13,0.278487086
8/27/13,13.2375879
8/28/13,28.9669304
8/29/13,0
8/30/13,0
8/31/13,15.5385294
9/1/13,0.001390222
9/2/13,0.546941757
9/3/13,0
9/4/13,0
9/5/13,0
9/6/13,0
9/7/13,0.918540657
9/8/13,0.000566524
9/9/13,10.7826176
9/10/13,0
9/11/13,0.022874752
9/12/13,6.1810441
9/13/13,2.8970418
9/14/13,0
9/15/13,3.05554175
9/16/13,0.405009091
9/17/13,0
9/18/13,0.356590927
9/19/13,0.011571391
9/20/13,6.32074451
9/21/13,31.8741035
9/22/13,0
9/23/13,0
9/24/13,0
9/25/13,0.483039826
9/26/13,0
9/27/13,0
9/28/13,0
9/29/13,1.92243087
9/30/13,0.000469931
10/1/13,0
10/2/13,0
10/3/13,0.521455288
10/4/13,3.58651423
10/5/13,16.3543606
10/6/13,35.8894196
10/7/13,3.30290651
10/8/13,0
10/9/13,0
10/10/13,0
10/11/13,0
10/12/13,0
10/13/13,0.000938013
10/14/13,0
10/15/13,1.65645432
10/16/13,2.10866284
10/17/13,2.48085928
10/18/13,0.025033018
10/19/13,4.98770714
10/20/13,0.095434189
10/21/13,3.30548811
10/22/13,0.134395286
10/23/13,0.310494363
10/24/13,0.119550414
10/25/13,0.041588962
10/26/13,0.200075716
10/27/13,0.053098794
10/28/13,0.043626588
10/29/13,0.181386337
10/30/13,0.027155137
10/31/13,21.3393269
11/1/13,3.87202024
11/2/13,0.423482358
11/3/13,0
11/4/13,0.324317187
11/5/13,0.866608143
11/6/13,5.39810324
11/7/13,2.27733946
11/8/13,0
11/9/13,0.296977431
11/10/13,0
11/11/13,0.395907909
11/12/13,1.69751191
11/13/13,0
11/14/13,0
11/15/13,0.056873292
11/16/13,0.172434255
11/17/13,13.4876537
11/18/13,0.025529834
11/19/13,0
11/20/13,0
11/21/13,10.6737947
11/22/13,2.71398473
11/23/13,0
11/24/13,0
11/25/13,0.068352707
11/26/13,0.010002586
11/27/13,0
11/28/13,0
11/29/13,0
11/30/13,0.002469967
12/1/13,0.033210184
12/2/13,0
12/3/13,0.591084123
12/4/13,0.162421256
12/5/13,2.57720804
12/6/13,12.7119875
12/7/13,0.018021958
12/8/13,0.044073641
12/9/13,0.685328841
12/10/13,10.955224
12/11/13,0.000256935
12/12/13,0
12/13/13,0.06058491
12/14/13,13.3176775
12/15/13,0.140722573
12/16/13,0
12/17/13,4.09721375
12/18/13,0
12/19/13,0.364975929
12/20/13,10.006032
12/21/13,16.6998844
12/22/13,3.22486258
12/23/13,0.000528133
12/24/13,0
12/25/13,0.013101965
12/26/13,0
12/27/13,0.037992314
12/28/13,0.167110354
12/29/13,2.28973675
12/30/13,0
12/31/13,0.011856589
1/1/14,0.09113773
1/2/14,0.472847611
1/3/14,0
1/4/14,0.399388582
1/5/14,1.74385393
1/6/14,4.89968681
1/7/14,0
1/8/14,0
1/9/14,2.02911448
1/10/14,15.2859774
1/11/14,7.75323105
1/12/14,0.00098553
1/13/14,3.05620432
1/14/14,0.028952511
1/15/14,0.033929881
1/16/14,4.86946487
1/17/14,0.070922606
1/18/14,0.633140087
1/19/14,0.535293996
1/20/14,0.197595939
1/21/14,0.020040998
1/22/14,0
1/23/14,0
1/24/14,0.346609056
1/25/14,2.22213864
1/26/14,0.07399448
1/27/14,2.49629855
1/28/14,0
1/29/14,0
1/30/14,2.56789994
1/31/14,5.50237846
2/1/14,4.46360207
2/2/14,9.3538847
2/3/14,6.5928607
2/4/14,6.13738108
2/5/14,1.48009574
2/6/14,0
2/7/14,0
2/8/14,5.8364234
2/9/14,13.8952694
2/10/14,0
2/11/14,0
2/12/14,0
2/13/14,0
2/14/14,0
2/15/14,0.404136419
2/16/14,0
2/17/14,1.50988889
2/18/14,0.09668529
2/19/14,5.37728643
2/20/14,18.0101242
2/21/14,3.12961721
2/22/14,0.188564077
2/23/14,2.08369255
2/24/14,0
2/25/14,0.076594986
2/26/14,0.242860049
2/27/14,0
2/28/14,0
3/1/14,0.180738494
3/2/14,1.4087348
3/3/14,0
3/4/14,0.168025538
3/5/14,0.025238963
3/6/14,0.494292974
3/7/14,0
3/8/14,0.412208587
3/9/14,0.041739516
3/10/14,4.44321775
3/11/14,4.67852831
3/12/14,10.8945494
3/13/14,0
3/14/14,0.167273551
3/15/14,0
3/16/14,0
3/17/14,0
3/18/14,0.189154699
3/19/14,0.946968555
3/20/14,0.020431802
3/21/14,0.041769162
3/22/14,0.3904697
3/23/14,0.31620419
3/24/14,0
3/25/14,0
3/26/14,0
3/27/14,2.09214616
3/28/14,1.47386205
3/29/14,6.25999212
3/30/14,0
3/31/14,0.061009001
4/1/14,1.19972813
4/2/14,1.59821522
4/3/14,20.6038799
4/4/14,4.97374439
4/5/14,0.004477851
4/6/14,0.018452346
4/7/14,9.23774052
4/8/14,4.09347296
4/9/14,0.034661759
4/10/14,0.750347912
4/11/14,5.94397497
4/12/14,0.12322209
4/13/14,0.321650654
4/14/14,6.07424402
4/15/14,8.57493114
4/16/14,0.093065418
4/17/14,0.07329309
4/18/14,0.483407408
4/19/14,0
4/20/14,0
4/21/14,0.958860815
4/22/14,1.89787495
4/23/14,0
4/24/14,0.714471579
4/25/14,4.47241545
4/26/14,0
4/27/14,0.000562892
4/28/14,14.3642359
4/29/14,7.02048492
4/30/14,6.02531481
5/1/14,0.091462597
5/2/14,0.031019887
5/3/14,0.337355614
5/4/14,0.276626319
5/5/14,0.146838441
5/6/14,0.075659208
5/7/14,10.7381001
5/8/14,0.088478632
5/9/14,1.80530202
5/10/14,9.84825039
5/11/14,0.008914808
5/12/14,10.7659941
5/13/14,1.8061682
5/14/14,1.75736046
5/15/14,13.3498621
5/16/14,0.039259069
5/17/14,0.131780937
5/18/14,0.065245807
5/19/14,0
5/20/14,4.2228508
5/21/14,10.6578588
5/22/14,0.023732482
5/23/14,0
5/24/14,0
5/25/14,0
5/26/14,0.005715307
5/27/14,2.19822049
5/28/14,2.70372653
5/29/14,0.857315361
5/30/14,0
5/31/14,0
6/1/14,0
6/2/14,2.00961471
6/3/14,0.677104115
6/4/14,14.7598457
6/5/14,0.022900436
6/6/14,0
6/7/14,0
6/8/14,11.3609867
6/9/14,0
6/10/14,2.89326906
6/11/14,3.98457408
6/12/14,0.050877184
6/13/14,1.31184781
6/14/14,0
6/15/14,0
6/16/14,0.021885268
6/17/14,0.610993683
6/18/14,15.0011749
6/19/14,22.9561939
6/20/14,4.75765705
6/21/14,0
6/22/14,0.612947702
6/23/14,12.1357527
6/24/14,21.9717255
6/25/14,7.11775875
6/26/14,0
6/27/14,0
6/28/14,0.32861042
6/29/14,2.34162235
6/30/14,0.052469578
7/1/14,1.82769334
7/2/14,0.003866736
7/3/14,0
7/4/14,0
7/5/14,0.046864659
7/6/14,0.16252704
7/7/14,0.399710834
7/8/14,7.85921764
7/9/14,0.013266182
7/10/14,0.001360627
7/11/14,0
7/12/14,0.227640316
7/13/14,4.07514048
7/14/14,0.927966833
7/15/14,0.451749742
7/16/14,0.009464458
7/17/14,0.002865382
7/18/14,0.598162234
7/19/14,0.393690616
7/20/14,0.001380117
7/21/14,0
7/22/14,0
7/23/14,26.8761463
7/24/14,0
7/25/14,0.79887557
7/26/14,0.949471653
7/27/14,4.83016634
7/28/14,0.231077701
7/29/14,0.028129851
7/30/14,0.300227523
7/31/14,0.020422407
8/1/14,0.437589854
8/2/14,17.4106102
8/3/14,0.333099335
8/4/14,4.37147188
8/5/14,0.702620029
8/6/14,2.56056619
8/7/14,0.000513752
8/8/14,0
8/9/14,0
8/10/14,0
8/11/14,50.4622688
8/12/14,0.121434584
8/13/14,0.042273108
8/14/14,0
8/15/14,0
8/16/14,0
8/17/14,0.693669856
8/18/14,0.005280485
8/19/14,0.159223676
8/20/14,5.0619421
8/21/14,0.170048937
8/22/14,0.880797744
8/23/14,0
8/24/14,0.036793381
8/25/14,0
8/26/14,0.026751289
8/27/14,0.008148906
8/28/14,1.06209064
8/29/14,0.10099595
8/30/14,0.117243238
8/31/14,2.55254936
9/1/14,1.47013068
9/2/14,3.33589697
9/3/14,0
9/4/14,0.557271957
9/5/14,1.35230887
9/6/14,36.5656586
9/7/14,0
9/8/14,0
9/9/14,0.199914038
9/10/14,30.5286407
9/11/14,3.28639078
9/12/14,0
9/13/14,0.131130368
9/14/14,0
9/15/14,2.76151514
9/16/14,0.845688045
9/17/14,0
9/18/14,0
9/19/14,0
9/20/14,1.26225305
9/21/14,10.2053041
9/22/14,0
9/23/14,0.008020788
9/24/14,0
9/25/14,0
9/26/14,0
9/27/14,0
9/28/14,0.056402016
9/29/14,0
9/30/14,2.47387314
10/1/14,0
10/2/14,1.51222515
10/3/14,7.44978237
10/4/14,1.84277022
10/5/14,0.033877339
10/6/14,1.07379389
10/7/14,3.68716216
10/8/14,0.001859384
10/9/14,0.012570271
10/10/14,0.031376902
10/11/14,0.046941038
10/12/14,0
10/13/14,3.81370473
10/14/14,12.5376072
10/15/14,1.97551203
10/16/14,0
10/17/14,0.041182715
10/18/14,0.459854722
10/19/14,0.263166219
10/20/14,1.01877248
10/21/14,0.002205008
10/22/14,0.018711412
10/23/14,0
10/24/14,0.000481973
10/25/14,0.114256881
10/26/14,0
10/27/14,0.472990036
10/28/14,17.7604866
10/29/14,0.028624049
10/30/14,0.113534249
10/31/14,0.666007221
11/1/14,1.30492294
11/2/14,0
11/3/14,0.576793432
11/4/14,6.55560255
11/5/14,1.71682131
11/6/14,1.87796772
11/7/14,0.191107467
11/8/14,2.4859302
11/9/14,0.449247032
11/10/14,3.86332083
11/11/14,0.437449038
11/12/14,0.083394364
11/13/14,0.313044816
11/14/14,0
11/15/14,0
11/16/14,1.73975515
11/17/14,4.75025845
11/18/14,0
11/19/14,0
11/20/14,0
11/21/14,0
11/22/14,0.065941408
11/23/14,7.56113291
11/24/14,10.3822021
11/25/14,0
11/26/14,0
11/27/14,1.87143481
11/28/14,0.32286191
11/29/14,0.506870985
11/30/14,0.07693886
12/1/14,1.34238958
12/2/14,0.07027325
12/3/14,0
12/4/14,0.02510934
12/5/14,1.3208431
12/6/14,11.4737883
12/7/14,0
12/8/14,0.18319349
12/9/14,0.261293322
12/10/14,0
12/11/14,0
12/12/14,0.000769566
12/13/14,0.006277897
12/14/14,0
12/15/14,0.033943523
12/16/14,10.4907236
12/17/14,0
12/18/14,0
12/19/14,0
12/20/14,0.003497462
12/21/14,0
12/22/14,0.094173856
12/23/14,1.11901128
12/24/14,6.949687
12/25/14,0
12/26/14,0
12/27/14,0.445276171
12/28/14,6.40588522
12/29/14,0
12/30/14,0
12/31/14,0
1/1/15,0
1/2/15,0
1/3/15,25.1358566
1/4/15,2.11271739
1/5/15,2.55E-05
1/6/15,2.33571553
1/7/15,0.001329249
1/8/15,0.225537181
1/9/15,0.595900536
1/10/15,0
1/11/15,1.40136647
1/12/15,11.1454859
1/13/15,0
1/14/15,0
1/15/15,0
1/16/15,0
1/17/15,0.134779856
1/18/15,5.02043438
1/19/15,0
1/20/15,0.079913393
1/21/15,2.55934978
1/22/15,0
1/23/15,0
1/24/15,0
1/25/15,7.20318508
1/26/15,0.114739761
1/27/15,0
1/28/15,0
1/29/15,3.26228881
1/30/15,0
1/31/15,0
2/1/15,1.33422399
2/2/15,0.273615956
2/3/15,0
2/4/15,1.46066296
2/5/15,0.011469508
2/6/15,0.794481456
2/7/15,4.75890255
2/8/15,10.1098518
2/9/15,0.142900363
2/10/15,0
2/11/15,2.24980402
2/12/15,0
2/13/15,0
2/14/15,0.002231085
2/15/15,0
2/16/15,3.59368873
2/17/15,0
2/18/15,0.31018278
2/19/15,0.244381487
2/20/15,0
2/21/15,3.46555758
2/22/15,0.60082525
2/23/15,0.88299191
2/24/15,1.19526756
2/25/15,0
2/26/15,0.380035371
2/27/15,0
2/28/15,0
3/1/15,2.48138881
3/2/15,0
3/3/15,1.76863277
3/4/15,1.70552683
3/5/15,0.781771898
3/6/15,0
3/7/15,0.119209468
3/8/15,0
3/9/15,0
3/10/15,10.8611221
3/11/15,0.28712815
3/12/15,0
3/13/15,3.10897303
3/14/15,1.93481207
3/15/15,0
3/16/15,1.14630616
3/17/15,0.349058867
3/18/15,0
3/19/15,0.011688025
3/20/15,0.404702514
3/21/15,0
3/22/15,0
3/23/15,0.20508641
3/24/15,0.004615288
3/25/15,3.88014555
3/26/15,11.5354748
3/27/15,0
3/28/15,0
3/29/15,0.039006058
3/30/15,0.002850538
3/31/15,2.0802114
4/1/15,0
4/2/15,4.98160362
4/3/15,6.36805248
4/4/15,0.038200058
4/5/15,0.171257421
4/6/15,0.41393888
4/7/15,6.98361683
4/8/15,0.900087357
4/9/15,17.2083626
4/10/15,3.78417158
4/11/15,0.114708528
4/12/15,0.165580824
4/13/15,3.32870173
4/14/15,0.031038554
4/15/15,0.00587386
4/16/15,0.146518722
4/17/15,0
4/18/15,0.0197281
4/19/15,11.1124125
4/20/15,5.19917822
4/21/15,0.008850589
4/22/15,0.056619804
4/23/15,0.015919091
4/24/15,0
4/25/15,6.89011669
4/26/15,0.00257639
4/27/15,0.042901367
4/28/15,0.119489871
4/29/15,0.123127952
4/30/15,8.95232868
5/1/15,0.294735283
5/2/15,0.019034838
5/3/15,0
5/4/15,2.10944223
5/5/15,4.40669727
5/6/15,0.855940282
5/7/15,0.006935264
5/8/15,0.024459867
5/9/15,13.1301022
5/10/15,5.26951933
5/11/15,9.15261745
5/12/15,0.03742449
5/13/15,0
5/14/15,0.49341771
5/15/15,6.50572348
5/16/15,4.09586191
5/17/15,0.233936608
5/18/15,2.36916661
5/19/15,0
5/20/15,0.052719824
5/21/15,0.200142443
5/22/15,0.000365724
5/23/15,0.009692645
5/24/15,0.312953502
5/25/15,1.14391589
5/26/15,4.2694602
5/27/15,13.3813372
5/28/15,0.03160033
5/29/15,0.339815915
5/30/15,8.27098751
5/31/15,29.1476765
6/1/15,0.807159364
6/2/15,0.001724525
6/3/15,0
6/4/15,0
6/5/15,1.31854987
6/6/15,0
6/7/15,4.34606647
6/8/15,14.5009317
6/9/15,13.4962282
6/10/15,2.53412867
6/11/15,11.2110882
6/12/15,7.00130987
6/13/15,12.3868437
6/14/15,9.54811096
6/15/15,16.4133816
6/16/15,7.64302015
6/17/15,2.04080415
6/18/15,8.89256477
6/19/15,1.80707812
6/20/15,0.219621107
6/21/15,1.19198644
6/22/15,0.803958714
6/23/15,26.8755493
6/24/15,1.96676016
6/25/15,4.80702257
6/26/15,4.18977022
6/27/15,32.3155556
6/28/15,6.62460423
6/29/15,0.275454015
6/30/15,0.522037268
7/1/15,4.02676868
7/2/15,0.00561327
7/3/15,0.07646887
7/4/15,0
7/5/15,0
7/6/15,0
7/7/15,9.72177029
7/8/15,1.32892311
7/9/15,28.2451401
7/10/15,0.007721111
7/11/15,0.615416408
7/12/15,1.76907909
7/13/15,5.82654953
7/14/15,8.74572659
7/15/15,0
7/16/15,0.063959427
7/17/15,13.8860731
7/18/15,7.06965542
7/19/15,9.85637283
7/20/15,0.015403554
7/21/15,0.100181304
7/22/15,0
7/23/15,0.000356143
7/24/15,0
7/25/15,0
7/26/15,2.79048824
7/27/15,0
7/28/15,0.139360815
7/29/15,7.78954983
7/30/15,0
7/31/15,0
8/1/15,0
8/2/15,0
8/3/15,41.9963684
8/4/15,0
8/5/15,0
8/6/15,0.000130675
8/7/15,0
8/8/15,0.006787504
8/9/15,0.432772785
8/10/15,14.9346085
8/11/15,0
8/12/15,0
8/13/15,0.033727292
8/14/15,0.209755749
8/15/15,1.9416647
8/16/15,0
8/17/15,0.862103939
8/18/15,1.24960065
8/19/15,0.388820738
8/20/15,2.41617274
8/21/15,0
8/22/15,0
8/23/15,3.70780635
8/24/15,0.33857438
8/25/15,0
8/26/15,0.011169507
8/27/15,0
8/28/15,0
8/29/15,0.669140637
8/30/15,1.03163874
8/31/15,0
9/1/15,0.045000091
9/2/15,4.1707139
9/3/15,2.29419827
9/4/15,21.5985241
9/5/15,16.1428833
9/6/15,0
9/7/15,0
9/8/15,0.048591323
9/9/15,3.06261277
9/10/15,0
9/11/15,5.10005856
9/12/15,0.16501303
9/13/15,0
9/14/15,0
9/15/15,0
9/16/15,0
9/17/15,0
9/18/15,0.371385872
9/19/15,16.3534184
9/20/15,0
9/21/15,0
9/22/15,0
9/23/15,0
9/24/15,0
9/25/15,0
9/26/15,0.353439808
9/27/15,0
9/28/15,0.000251808
9/29/15,2.34553933
9/30/15,0.032725312
10/1/15,0
10/2/15,0.034171961
10/3/15,4.87036705
10/4/15,0.581165671
10/5/15,0.001385317
10/6/15,0.00451277
10/7/15,0
10/8/15,0
10/9/15,1.48188031
10/10/15,0
10/11/15,0
10/12/15,0.136248082
10/13/15,0.198742986
10/14/15,0
10/15/15,0.646073103
10/16/15,0.079328448
10/17/15,0
10/18/15,0
10/19/15,0.006936163
10/20/15,0.016939322
10/21/15,0.466988325
10/22/15,0.351128578
10/23/15,0.204178348
10/24/15,4.88303137
10/25/15,0.013866207
10/26/15,0
10/27/15,0.638273835
10/28/15,45.7779045
10/29/15,0.056818947
10/30/15,0
10/31/15,1.73208702
11/1/15,0.619188964
11/2/15,0
11/3/15,0.058693171
11/4/15,0
11/5/15,0.389650464
11/6/15,9.37828922
11/7/15,0.491693914
11/8/15,0
11/9/15,0.046549592
11/10/15,1.42398119
11/11/15,0
11/12/15,2.77985549
11/13/15,0
11/14/15,0
11/15/15,0
11/16/15,0.010105071
11/17/15,0.266747922
11/18/15,14.1860552
11/19/15,3.14850235
11/20/15,0
11/21/15,1.88811588
11/22/15,0.01140594
11/23/15,0
11/24/15,0.00036782
11/25/15,0
11/26/15,0.176122695
11/27/15,14.5548077
11/28/15,1.97399247
11/29/15,0.000111957
11/30/15,0
12/1/15,0.003291744
12/2/15,0
12/3/15,0.00056018
12/4/15,0
12/5/15,0
12/6/15,1.27E-05
12/7/15,0
12/8/15,0.045229115
12/9/15,0.042484097
12/10/15,0.046677984
12/11/15,0.010963995
12/12/15,0.07736975
12/13/15,0.535002291
12/14/15,14.81709
12/15/15,0
12/16/15,0.332393795
12/17/15,0
12/18/15,0
12/19/15,0
12/20/15,7.80E-05
12/21/15,6.83728647
12/22/15,0.424877137
12/23/15,3.69036627
12/24/15,8.34232044
12/25/15,0.432329237
12/26/15,11.0357418
12/27/15,28.4161434
12/28/15,20.834671
12/29/15,1.43037331
12/30/15,0.032141686
12/31/15,0
1/1/16,0
1/2/16,0.000788815
1/3/16,0
1/4/16,0
1/5/16,0
1/6/16,0
1/7/16,0.011915417
1/8/16,3.3930552
1/9/16,0.981157422
1/10/16,21.0132141
1/11/16,0
1/12/16,0.019312462
1/13/16,0
1/14/16,6.17655611
1/15/16,3.60882592
1/16/16,0
1/17/16,4.53845167
1/18/16,0
1/19/16,0
1/20/16,0.06215718
1/21/16,0
1/22/16,0.082682684
1/23/16,0
1/24/16,0
1/25/16,0.217929348
1/26/16,1.62189388
1/27/16,0
1/28/16,0.005401123
1/29/16,0
1/30/16,0.056446038
1/31/16,4.25139189
2/1/16,0.097499296
2/2/16,18.4449959
2/3/16,17.5058994
2/4/16,0.003673752
2/5/16,0
2/6/16,0.029917982
2/7/16,1.62E-05
2/8/16,0.369089365
2/9/16,0.003165364
2/10/16,0
2/11/16,0
2/12/16,0.032961831
2/13/16,0
2/14/16,0.035782464
2/15/16,0.04326459
2/16/16,0.391836286
2/17/16,0
2/18/16,0
2/19/16,0.940221071
2/20/16,0
2/21/16,0.000435405
2/22/16,0
2/23/16,0.00016354
2/24/16,20.3272877
2/25/16,0.370908499
2/26/16,0
2/27/16,0.015851867
2/28/16,0
2/29/16,0.709581614
3/1/16,1.93703401
3/2/16,0
3/3/16,0.0038817
3/4/16,0.008867431
3/5/16,0.045958836
3/6/16,0.000663911
3/7/16,0.356631398
3/8/16,0.440608114
3/9/16,1.68330121
3/10/16,6.27362156
3/11/16,0.758608043
3/12/16,0.103909314
3/13/16,14.7985659
3/14/16,0.652484477
3/15/16,0.649123251
3/16/16,0.228265926
3/17/16,0.047983781
3/18/16,0
3/19/16,0.016658288
3/20/16,0
3/21/16,0
3/22/16,0.407702029
3/23/16,1.92854202
3/24/16,40.2710609
3/25/16,0.069341973
3/26/16,0
3/27/16,1.91817367
3/28/16,37.5327682
3/29/16,0
3/30/16,0.712788463
3/31/16,33.34729
4/1/16,0.740300894
4/2/16,0.41372624
4/3/16,0.081030525
4/4/16,0.321989357
4/5/16,0
4/6/16,8.43920898
4/7/16,6.14963865
4/8/16,1.82970405
4/9/16,2.98892808
4/10/16,2.68759298
4/11/16,4.56169081
4/12/16,0
4/13/16,0
4/14/16,0
4/15/16,0
4/16/16,0
4/17/16,0
4/18/16,0
4/19/16,0.869972885
4/20/16,0.042181917
4/21/16,18.086216
4/22/16,4.61759233
4/23/16,0
4/24/16,0.01076217
4/25/16,0.046629619
4/26/16,23.9879036
4/27/16,0.016480379
4/28/16,3.55303144
4/29/16,0.034909848
4/30/16,13.4767046
5/1/16,2.07162213
5/2/16,6.43997288
5/3/16,0.001740265
5/4/16,0.520138264
5/5/16,0.573800683
5/6/16,0
5/7/16,0.049801625
5/8/16,0
5/9/16,0.274092376
5/10/16,5.05809164
5/11/16,0.488109291
5/12/16,2.87081027
5/13/16,15.6202364
5/14/16,4.90636969
5/15/16,0
5/16/16,0
5/17/16,2.68130422
5/18/16,0.655599296
5/19/16,0
5/20/16,0.096992806
5/21/16,9.09302044
5/22/16,0.000294558
5/23/16,0
5/24/16,0
5/25/16,0
5/26/16,0.425637811
5/27/16,0.142503709
5/28/16,1.35045636
5/29/16,0.308936626
5/30/16,0
5/31/16,0.039057795
6/1/16,2.1515317
6/2/16,0.566669881
6/3/16,0.00348699
6/4/16,8.89245033
6/5/16,4.15847301
6/6/16,1.76986694
6/7/16,0.114589393
6/8/16,0
6/9/16,0
6/10/16,0
6/11/16,0.067385197
6/12/16,0
6/13/16,0
6/14/16,0.042388875
6/15/16,3.96064425
6/16/16,5.17603588
6/17/16,0
6/18/16,0
6/19/16,0.387145311
6/20/16,0.017622082
6/21/16,0.56901294
6/22/16,0
6/23/16,32.4343224
6/24/16,0
6/25/16,0
6/26/16,1.44852626
6/27/16,1.61335671
6/28/16,0
6/29/16,0
6/30/16,0.012983732
7/1/16,0.919860244
7/2/16,0.019378955
7/3/16,0.119707018
7/4/16,0.15318054
7/5/16,0.012195053
7/6/16,0.764816225
7/7/16,0
7/8/16,4.8541975
7/9/16,1.43362439
7/10/16,0
7/11/16,0
7/12/16,0.000475493
7/13/16,0.793233752
7/14/16,7.55424166
7/15/16,0
7/16/16,0
7/17/16,0.076327942
7/18/16,11.8823767
7/19/16,0
7/20/16,0
7/21/16,3.42164207
7/22/16,0
7/23/16,0
7/24/16,10.8324223
7/25/16,9.10572433
7/26/16,0
7/27/16,0
7/28/16,0.156271115
7/29/16,6.86762047
7/30/16,7.60527229
7/31/16,0.2570723
8/1/16,0
8/2/16,0
8/3/16,0
8/4/16,0
8/5/16,0.411621392
8/6/16,0
8/7/16,0
8/8/16,0.024991235
8/9/16,0.010049211
8/10/16,5.04225588
8/11/16,2.73248911
8/12/16,8.2510519
8/13/16,20.6322365
8/14/16,0.646464705
8/15/16,9.24078274
8/16/16,18.0010929
8/17/16,1.58500481
8/18/16,0.093050353
8/19/16,0.816645861
8/20/16,10.8731461
8/21/16,0.75825572
8/22/16,0
8/23/16,0
8/24/16,1.31323278
8/25/16,3.09377408
8/26/16,0.009340257
8/27/16,22.536684
8/28/16,9.5459938
8/29/16,0.025023041
8/30/16,0.278241098
8/31/16,3.34662795
9/1/16,0
9/2/16,0
9/3/16,0
9/4/16,0
9/5/16,0
9/6/16,0
9/7/16,0.001152697
9/8/16,1.80811048
9/9/16,0
9/10/16,26.6733322
9/11/16,0.028908465
9/12/16,0
9/13/16,0
9/14/16,0.098017275
9/15/16,0
9/16/16,0
9/17/16,33.4056206
9/18/16,0
9/19/16,0
9/20/16,0
9/21/16,0
9/22/16,0.075292528
9/23/16,0.00911326
9/24/16,0
9/25/16,0
9/26/16,7.34115744
9/27/16,0
9/28/16,13.5659008
9/29/16,11.2519989
9/30/16,12.9549522
10/1/16,3.86511564
10/2/16,0.063843869
10/3/16,0
10/4/16,0
10/5/16,0
10/6/16,0
10/7/16,0
10/8/16,0
10/9/16,0
10/10/16,0
10/11/16,0.038578294
10/12/16,0.084274128
10/13/16,0.878504336
10/14/16,0
10/15/16,0
10/16/16,3.70470786
10/17/16,0.003276915
10/18/16,0
10/19/16,0.246405646
10/20/16,23.5050163
10/21/16,5.79877663
10/22/16,0
10/23/16,0.002758405
10/24/16,0
10/25/16,0
10/26/16,8.37889099
10/27/16,8.68691158
10/28/16,0.002168332
10/29/16,0.025267007
10/30/16,3.78336978
10/31/16,0.001257521
11/1/16,0.015311911
11/2/16,0.253179491
11/3/16,19.5679817
11/4/16,0
11/5/16,0
11/6/16,0
11/7/16,0
11/8/16,1.70536935
11/9/16,0
11/10/16,0.000408873
11/11/16,0
11/12/16,0
11/13/16,0
11/14/16,0
11/15/16,0.001579275
11/16/16,0
11/17/16,0.000194029
11/18/16,0.000950343
11/19/16,0.827720463
11/20/16,0
11/21/16,0
11/22/16,0
11/23/16,6.18890905
11/24/16,2.6630013
11/25/16,0.00232926
11/26/16,0.009970094
11/27/16,0.003102304
11/28/16,8.06901455
11/29/16,14.2835274
11/30/16,0.455696166
12/1/16,0
12/2/16,0
12/3/16,0
12/4/16,1.21381652
12/5/16,0.194124267
12/6/16,5.104002
12/7/16,0
12/8/16,0.001444458
12/9/16,0
12/10/16,0
12/11/16,1.66630363
12/12/16,4.05591154
12/13/16,1.86235964
12/14/16,0
12/15/16,0
12/16/16,9.42345238
12/17/16,9.53661251
12/18/16,2.77680111
12/19/16,0
12/20/16,0.532039046
12/21/16,19.2113304
12/22/16,0.00014441
12/23/16,8.59731102
12/24/16,0.071192816
12/25/16,0
12/26/16,0
12/27/16,0
12/28/16,0.000995335
12/29/16,5.08106899
12/30/16,0.008150771
12/31/16,0.168186039
1/1/17,0
1/2/17,0.029538516
1/3/17,38.543541
1/4/17,6.57858181
1/5/17,0.097993456
1/6/17,0
1/7/17,0
1/8/17,0.008248105
1/9/17,0.287234128
1/10/17,10.9386311
1/11/17,1.09191263
1/12/17,28.1821747
1/13/17,0.015751632
1/14/17,0.232355326
1/15/17,0.010232914
1/16/17,0.569365144
1/17/17,23.1353016
1/18/17,0
1/19/17,0.089234032
1/20/17,8.38131905
1/21/17,0.98000288
1/22/17,1.57458019
1/23/17,10.9803991
1/24/17,1.58533657
1/25/17,0.048731737
1/26/17,0.137519881
1/27/17,0.004095108
1/28/17,0.022760503
1/29/17,0
1/30/17,0.01297857
1/31/17,0.226974815
2/1/17,0.166807175
2/2/17,0
2/3/17,0.131453946
2/4/17,0.037922181
2/5/17,0.075969741
2/6/17,0.026383115
2/7/17,21.3525391
2/8/17,0.686010599
2/9/17,0.048329875
2/10/17,0.172144473
2/11/17,1.52440941
2/12/17,2.00244236
2/13/17,0
2/14/17,0.0012797
2/15/17,0
2/16/17,0
2/17/17,0.144319236
2/18/17,0.001340817
2/19/17,0
2/20/17,0.006731954
2/21/17,3.61236715
2/22/17,0.074856557
2/23/17,0.109501623
2/24/17,18.7910442
2/25/17,8.81006527
2/26/17,0.001313321
2/27/17,0
2/28/17,3.2415731
3/1/17,36.769989
3/2/17,0
3/3/17,0
3/4/17,0.000130688
3/5/17,0.00242155
3/6/17,0.554495454
3/7/17,5.86219883
3/8/17,0
3/9/17,0.027059622
3/10/17,0.628098726
3/11/17,0
3/12/17,0
3/13/17,0.422691792
3/14/17,0
3/15/17,0
3/16/17,0
3/17/17,6.70380163
3/18/17,0.035304241
3/19/17,0.005493604
3/20/17,5.09455299
3/21/17,0.323847294
3/22/17,0.043668035
3/23/17,0.005204728
3/24/17,7.38287163
3/25/17,0.926507115
3/26/17,4.2414794
3/27/17,3.12012243
3/28/17,0.290233999
3/29/17,0.013709193
3/30/17,11.5991678
3/31/17,12.8070469
4/1/17,0.106439762
4/2/17,0.020264169
4/3/17,3.21527886
4/4/17,5.33052588
4/5/17,9.99488354
4/6/17,6.95528793
4/7/17,1.6067245
4/8/17,0
4/9/17,0.020289021
4/10/17,5.43915176
4/11/17,10.4268837
4/12/17,0.242324919
4/13/17,0.889830768
4/14/17,0.011005002
4/15/17,0.956726253
4/16/17,0.501278043
4/17/17,0.082419887
4/18/17,0
4/19/17,6.30391502
4/20/17,20.6108551
4/21/17,1.00539529
4/22/17,0.409201771
4/23/17,0
4/24/17,0
4/25/17,0
4/26/17,0.031515081
4/27/17,1.22062802
4/28/17,6.77721262
4/29/17,7.6475358
4/30/17,8.50659466
5/1/17,10.2232475
5/2/17,0.292882979
5/3/17,0
5/4/17,35.6224709
5/5/17,20.3155193
5/6/17,2.4479351
5/7/17,0
5/8/17,0
5/9/17,0.148001477
5/10/17,0.084194817
5/11/17,10.593194
5/12/17,0
5/13/17,0.000200007
5/14/17,0.350493073
5/15/17,0
5/16/17,0.097106673
5/17/17,0
5/18/17,2.06080627
5/19/17,4.45083952
5/20/17,7.12589455
5/21/17,12.8557425
5/22/17,0.076832645
5/23/17,0.169255123
5/24/17,1.48729432
5/25/17,1.35593891
5/26/17,0.465063542
5/27/17,5.75710583
5/28/17,11.4016485
5/29/17,2.91910768
5/30/17,0.181915462
5/31/17,0.104376853
6/1/17,0
6/2/17,0
6/3/17,0.098910764
6/4/17,6.0655365
6/5/17,0.005085913
6/6/17,0.214521453
6/7/17,0
6/8/17,0
6/9/17,0.390566766
6/10/17,0
6/11/17,0
6/12/17,0
6/13/17,4.97509766
6/14/17,4.47008419
6/15/17,1.4734602
6/16/17,0.625055552
6/17/17,2.33517814
6/18/17,3.43268466
6/19/17,14.8496141
6/20/17,0.303090364
6/21/17,2.03697801
6/22/17,1.11621296
6/23/17,11.1936159
6/24/17,0.000911246
6/25/17,0
6/26/17,0.24927184
6/27/17,0
6/28/17,0.672088027
6/29/17,0.71123451
6/30/17,58.6465797
7/1/17,3.13699055
7/2/17,0
7/3/17,0.40113759
7/4/17,0
7/5/17,0
7/6/17,0.051942986
7/7/17,6.93119717
7/8/17,0.000784918
7/9/17,0
7/10/17,41.5504112
7/11/17,0.003697361
7/12/17,20.0998898
7/13/17,8.18981743
7/14/17,0.001895065
7/15/17,0
7/16/17,0
7/17/17,0
7/18/17,0
7/19/17,1.74352479
7/20/17,0.101718567
7/21/17,0.005367146
7/22/17,10.5310068
7/23/17,2.47730494
7/24/17,0
7/25/17,0
7/26/17,0.06324362
7/27/17,0.000175442
7/28/17,0.154790655
7/29/17,0
7/30/17,0
7/31/17,0
8/1/17,0
8/2/17,0.501162291
8/3/17,3.47363877
8/4/17,10.9619198
8/5/17,1.12043047
8/6/17,0.04085362
8/7/17,0.200128123
8/8/17,0
8/9/17,0
8/10/17,0
8/11/17,5.39056349
8/12/17,0
8/13/17,0.116140328
8/14/17,0
8/15/17,0
8/16/17,0
8/17/17,14.2006226
8/18/17,0
8/19/17,10.4715061
8/20/17,0.385292947
8/21/17,0
8/22/17,6.77941179
8/23/17,0
8/24/17,0.028876318
8/25/17,0
8/26/17,0
8/27/17,0.330518603
8/28/17,5.44850063
8/29/17,1.90523767
8/30/17,0
8/31/17,0.193286493
9/1/17,0.182872534
9/2/17,0.008084921
9/3/17,0.437855095
9/4/17,9.65053844
9/5/17,4.37416315
9/6/17,0.854130864
9/7/17,5.57888079
9/8/17,0.091673374
9/9/17,0
9/10/17,0
9/11/17,0
9/12/17,0.055460092
9/13/17,0.938548744
9/14/17,3.03091073
9/15/17,0
9/16/17,0
9/17/17,0
9/18/17,2.97320318
9/19/17,19.8068104
9/20/17,0.048031729
9/21/17,0
9/22/17,0
9/23/17,0
9/24/17,0
9/25/17,0
9/26/17,0
9/27/17,0
9/28/17,0
9/29/17,0.003884673
9/30/17,0
10/1/17,0
10/2/17,0
10/3/17,0
10/4/17,1.98109806
10/5/17,0.169082671
10/6/17,16.0873375
10/7/17,4.35352373
10/8/17,10.8435459
10/9/17,2.67915177
10/10/17,0.054931287
10/11/17,4.07951927
10/12/17,0
10/13/17,0.005116701
10/14/17,0.022073215
10/15/17,0.820799112
10/16/17,0
10/17/17,0
10/18/17,0
10/19/17,0
10/20/17,0
10/21/17,0.026754649
10/22/17,0
10/23/17,11.4176121
10/24/17,1.30665958
10/25/17,0.438932419
10/26/17,0
10/27/17,2.95112538
10/28/17,14.1123734
10/29/17,0
10/30/17,0.135201514
10/31/17,0
11/1/17,0.730221689
11/2/17,14.5218992
11/3/17,7.47450733
11/4/17,0.064956836
11/5/17,56.561367
11/6/17,0.499163389
11/7/17,0.015960218
11/8/17,0
11/9/17,0
11/10/17,0
11/11/17,0.000871842
11/12/17,0.883181095
11/13/17,0.588517904
11/14/17,0
11/15/17,7.10359669
11/16/17,0
11/17/17,0.512599766
11/18/17,43.7905083
11/19/17,0.608815551
11/20/17,0.000506192
11/21/17,1.33024585
11/22/17,0.570572734
11/23/17,0.071652427
11/24/17,0.001851905
11/25/17,0.136762589
11/26/17,0
11/27/17,0
11/28/17,0.007868204
11/29/17,0
11/30/17,0.499065191
12/1/17,0
12/2/17,0.007320276
12/3/17,0.00210516
12/4/17,1.42783213
12/5/17,3.60907912
12/6/17,0
12/7/17,0
12/8/17,0.000270327
12/9/17,0.017664634
12/10/17,0.019880874
12/11/17,1.16344953
12/12/17,1.09429991
12/13/17,1.65350819
12/14/17,0.359479964
12/15/17,0.016124276
12/16/17,1.7174747
12/17/17,5.25132322
12/18/17,0.120934509
12/19/17,0.041459385
12/20/17,0.079011641
12/21/17,0.758742869
12/22/17,0.052616525
12/23/17,6.5272665
12/24/17,2.83325791
12/25/17,0
12/26/17,0
12/27/17,0
12/28/17,0
12/29/17,0.817194998
12/30/17,0.137008429
12/31/17,1.19667435
1/1/18,0
1/2/18,0
1/3/18,0.77970475
1/4/18,0
1/5/18,0
1/6/18,0
1/7/18,0.338469118
1/8/18,7.96986294
1/9/18,0.011821015
1/10/18,0
1/11/18,3.94684362
1/12/18,12.5892973
1/13/18,4.46891212
1/14/18,0
1/15/18,0.110054821
1/16/18,0
1/17/18,0
1/18/18,0
1/19/18,0
1/20/18,0.796755135
1/21/18,2.37287784
1/22/18,0.680318058
1/23/18,1.8763454
1/24/18,0.387489945
1/25/18,0.098380633
1/26/18,0
1/27/18,2.914011
1/28/18,0
1/29/18,0.001472518
1/30/18,0
1/31/18,1.38181376
2/1/18,2.77634788
2/2/18,0
2/3/18,0.038154669
2/4/18,0.608207524
2/5/18,0.386314541
2/6/18,0.101070285
2/7/18,0.165308371
2/8/18,0
2/9/18,1.77195132
2/10/18,6.91959524
2/11/18,0.305059344
2/12/18,2.12953687
2/13/18,0
2/14/18,0
2/15/18,3.3097744
2/16/18,15.8044004
2/17/18,20.4617062
2/18/18,0.004720129
2/19/18,2.52691746
2/20/18,2.33960819
2/21/18,0.029160695
2/22/18,6.70996046
2/23/18,18.5596352
2/24/18,17.5465069
2/25/18,5.40253353
2/26/18,0.00556638
2/27/18,0
2/28/18,0.134324461
3/1/18,40.3993607
3/2/18,0.221648589
3/3/18,0
3/4/18,0
3/5/18,0.000738351
3/6/18,0.20663105
3/7/18,0.469296992
3/8/18,0.010845358
3/9/18,0
3/10/18,0
3/11/18,0
3/12/18,0
3/13/18,0
3/14/18,0.014976907
3/15/18,0
3/16/18,0
3/17/18,1.21866214
3/18/18,0
3/19/18,0
3/20/18,0.230842084
3/21/18,1.73068058
3/22/18,0.007849368
3/23/18,0
3/24/18,0.011392293
3/25/18,0.005509673
3/26/18,0
3/27/18,11.4500589
3/28/18,3.15658283
3/29/18,16.4194889
3/30/18,2.25778317
3/31/18,0.526442885
4/1/18,0.072652958
4/2/18,0.296630114
4/3/18,8.87718868
4/4/18,4.42572117
4/5/18,0
4/6/18,0.127849251
4/7/18,0
4/8/18,0
4/9/18,0.270783752
4/10/18,0
4/11/18,0.001855118
4/12/18,6.53818846
4/13/18,0.406333327
4/14/18,22.3859425
4/15/18,32.2198677
4/16/18,1.58754277
4/17/18,0
4/18/18,0
4/19/18,0
4/20/18,0
4/21/18,0.604583025
4/22/18,0.04046794
4/23/18,0.730437517
4/24/18,2.44197035
4/25/18,0.662524939
4/26/18,0
4/27/18,0.003099674
4/28/18,5.60780144
4/29/18,0
4/30/18,0
5/1/18,0
5/2/18,0.574387908
5/3/18,32.2994537
5/4/18,0.866578043
5/5/18,0.010754173
5/6/18,5.03058338
5/7/18,0
5/8/18,0
5/9/18,2.68064213
5/10/18,7.10109138
5/11/18,0.442881584
5/12/18,6.16840792
5/13/18,19.6969242
5/14/18,28.4720898
5/15/18,8.48300171
5/16/18,0.093688108
5/17/18,0.014654588
5/18/18,1.48386216
5/19/18,5.44659328
5/20/18,0.064049453
5/21/18,4.22470474
5/22/18,0.83493191
5/23/18,0
5/24/18,0
5/25/18,0
5/26/18,2.57807803
5/27/18,0
5/28/18,0
5/29/18,0.004455106
5/30/18,4.50370264
5/31/18,0.095864952
6/1/18,16.8486729
6/2/18,0.451799959
6/3/18,0
6/4/18,0
6/5/18,0.053320687
6/6/18,0
6/7/18,0
6/8/18,0.08829625
6/9/18,7.64288855
6/10/18,18.4949608
6/11/18,0.151366189
6/12/18,1.90161812
6/13/18,0.066717826
6/14/18,0
6/15/18,0.171292961
6/16/18,3.6097014
6/17/18,0.000859711
6/18/18,0.74650085
6/19/18,11.4434547
6/20/18,4.93947077
6/21/18,1.75105131
6/22/18,7.77698278
6/23/18,4.42997408
6/24/18,0
6/25/18,0.001014976
6/26/18,0.581718862
6/27/18,15.1254263
6/28/18,0
6/29/18,0
6/30/18,0
7/1/18,0.36674881
7/2/18,1.44680011
7/3/18,0.246897966
7/4/18,0.30774045
7/5/18,15.5013599
7/6/18,0
7/7/18,0
7/8/18,0
7/9/18,0
7/10/18,0.012390418
7/11/18,0
7/12/18,0
7/13/18,0
7/14/18,0.797775626
7/15/18,0.725329936
7/16/18,4.77693367
7/17/18,0.092883557
7/18/18,0
7/19/18,0
7/20/18,18.5803623
7/21/18,1.79045141
7/22/18,0.570932567
7/23/18,0.012319728
7/24/18,0.009769609
7/25/18,0.007620086
7/26/18,0.754139662
7/27/18,0.001309459
7/28/18,0
7/29/18,0.170043722
7/30/18,5.1151185
7/31/18,4.93646049
8/1/18,2.72737312
8/2/18,1.3103869
8/3/18,0
8/4/18,0
8/5/18,0
8/6/18,1.64501381
8/7/18,30.1818008
8/8/18,2.70577431
8/9/18,0.177977353
8/10/18,1.37966478
8/11/18,0.205432698
8/12/18,2.22511768
8/13/18,0
8/14/18,0.005014766
8/15/18,0.150641739
8/16/18,6.07480907
8/17/18,11.0268021
8/18/18,0.532007456
8/19/18,0
8/20/18,0.588186085
8/21/18,11.1485567
8/22/18,0
8/23/18,0.009957597
8/24/18,0.002230328
8/25/18,17.7547073
8/26/18,1.3542124
8/27/18,0.002698448
8/28/18,0
8/29/18,0.239595562
8/30/18,0
8/31/18,0
9/1/18,1.0667901
9/2/18,0.20800364
9/3/18,1.73332059
9/4/18,0.958365262
9/5/18,0
9/6/18,0.098509669
9/7/18,2.9495883
9/8/18,30.6513195
9/9/18,20.5340519
9/10/18,0.056986693
9/11/18,0
9/12/18,0
9/13/18,0
9/14/18,0
9/15/18,0
9/16/18,0
9/17/18,0.007212221
9/18/18,0.008584524
9/19/18,0.319224656
9/20/18,0.031208932
9/21/18,1.73250902
9/22/18,0.004674757
9/23/18,0.516245782
9/24/18,2.5966754
9/25/18,4.56421947
9/26/18,1.3235023
9/27/18,0.816495776
9/28/18,0.004365407
9/29/18,0.042064156
9/30/18,0.099428058
10/1/18,0
10/2/18,3.59191179
10/3/18,0
10/4/18,1.08268845
10/5/18,11.2692442
10/6/18,15.1293783
10/7/18,6.63055468
10/8/18,0
10/9/18,0
10/10/18,3.057827
10/11/18,0.012860072
10/12/18,1.44242632
10/13/18,2.0100913
10/14/18,0.064740814
10/15/18,0.423821896
10/16/18,0
10/17/18,0
10/18/18,0
10/19/18,0.317151368
10/20/18,1.05977821
10/21/18,0.016179036
10/22/18,0
10/23/18,0
10/24/18,0
10/25/18,0.194238842
10/26/18,4.22192907
10/27/18,0.683907211
10/28/18,21.9505196
10/29/18,0.000592046
10/30/18,0.008775578
10/31/18,6.83696985
11/1/18,40.6336479
11/2/18,7.60168743
11/3/18,0.109585486
11/4/18,1.16645145
11/5/18,3.33699679
11/6/18,7.41134357
11/7/18,0
11/8/18,0
11/9/18,3.25310612
11/10/18,0
11/11/18,0
11/12/18,0.176707432
11/13/18,0.050845109
11/14/18,0
11/15/18,1.7412461
11/16/18,0.129347593
11/17/18,0.003298054
11/18/18,0.336135238
11/19/18,0
11/20/18,0.00052272
11/21/18,0
11/22/18,0
11/23/18,0
11/24/18,8.69766331
11/25/18,0.245965943
11/26/18,20.6096306
11/27/18,0
11/28/18,0
11/29/18,0.093229592
11/30/18,0.136117622
12/1/18,21.7513771
12/2/18,9.77464485
12/3/18,0.060273346
12/4/18,0
12/5/18,0
12/6/18,0.001969762
12/7/18,0
12/8/18,0
12/9/18,0
12/10/18,0
12/11/18,0
12/12/18,0.168061957
12/13/18,0
12/14/18,1.22849882
12/15/18,7.7354517
12/16/18,1.89800608
12/17/18,0
12/18/18,0
12/19/18,0
12/20/18,5.40133953
12/21/18,15.8810787
12/22/18,0.001217376
12/23/18,0
12/24/18,0
12/25/18,0.005232917
12/26/18,0
12/27/18,2.10492563
12/28/18,5.31570816
12/29/18,0.002611527
12/30/18,0
12/31/18,11.5497522
1/1/19,0.112166673
1/2/19,0.090366535
1/3/19,3.31E-05
1/4/19,0
1/5/19,0
1/6/19,0
1/7/19,7.10424614
1/8/19,4.34310675
1/9/19,0
1/10/19,0.121124193
1/11/19,0
1/12/19,1.85973537
1/13/19,1.93112206
1/14/19,0
1/15/19,0
1/16/19,0.017269099
1/17/19,1.00668025
1/18/19,0.457134783
1/19/19,12.7801361
1/20/19,10.8004532
1/21/19,0
1/22/19,4.63832808
1/23/19,3.65229678
1/24/19,0.590251565
1/25/19,0
1/26/19,1.82939184
1/27/19,0.001137637
1/28/19,5.64853716
1/29/19,0.130658954
1/30/19,0.018508319
1/31/19,0.020768954
2/1/19,4.67869329
2/2/19,0
2/3/19,0.004004081
2/4/19,0.758642316
2/5/19,0.103094712
2/6/19,21.6550961
2/7/19,15.267004
2/8/19,0.257369608
2/9/19,0
2/10/19,0.887943983
2/11/19,0.390745819
2/12/19,18.046505
2/13/19,0.002517617
2/14/19,2.91563773
2/15/19,0.490235567
2/16/19,0
2/17/19,0.024169061
2/18/19,0
2/19/19,1.85245407
2/20/19,2.4944396
2/21/19,0.107844099
2/22/19,0.086878926
2/23/19,0.552606404
2/24/19,3.638237
2/25/19,0.001259215
2/26/19,0.052385442
2/27/19,0.275852859
2/28/19,0.002767323
3/1/19,0.244069263
3/2/19,0.00245694
3/3/19,0.430986732
3/4/19,0
3/5/19,0
3/6/19,0
3/7/19,0.023987794
3/8/19,0.206333488
3/9/19,10.8274231
3/10/19,5.82440662
3/11/19,0
3/12/19,0.013925581
3/13/19,0.779424965
3/14/19,30.92593
3/15/19,0.276045144
3/16/19,0
3/17/19,0.000364093
3/18/19,0
3/19/19,0
3/20/19,3.10119104
3/21/19,4.99509716
3/22/19,0
3/23/19,0.001800271
3/24/19,0.875262439
3/25/19,1.41621161
3/26/19,0.000965161
3/27/19,6.58E-05
3/28/19,1.98215985
3/29/19,8.98745441
3/30/19,12.8583946
3/31/19,2.04005075
4/1/19,0
4/2/19,0.016963115
4/3/19,0
4/4/19,2.92115474
4/5/19,2.26629925
4/6/19,0.024949161
4/7/19,0.756557107
4/8/19,1.59616387
4/9/19,0
4/10/19,0.89391923
4/11/19,1.42728269
4/12/19,5.22418547
4/13/19,0.023309628
4/14/19,15.1209288
4/15/19,0.182129055
4/16/19,0.242764875
4/17/19,2.07578492
4/18/19,5.02214909
4/19/19,11.5491734
4/20/19,18.2419033
4/21/19,0.197765544
4/22/19,0.008257497
4/23/19,0.280256301
4/24/19,0.130038142
4/25/19,2.88769221
4/26/19,32.6803017
4/27/19,2.35041404
4/28/19,1.05311596
4/29/19,9.42336178
4/30/19,8.08096886
5/1/19,5.2314558
5/2/19,3.29707265
5/3/19,6.08274269
5/4/19,0.770380199
5/5/19,0.020557238
5/6/19,0
5/7/19,0.014520627
5/8/19,0.001441885
5/9/19,2.19831991
5/10/19,1.97240818
5/11/19,2.47920036
5/12/19,14.7532024
5/13/19,3.33180737
5/14/19,0
5/15/19,0
5/16/19,0.039861728
5/17/19,5.20242405
5/18/19,3.37004876
5/19/19,4.88818502
5/20/19,0.450622678
5/21/19,0.283136934
5/22/19,7.55860472
5/23/19,10.7448883
5/24/19,1.31681478
5/25/19,3.7228713
5/26/19,9.74957371
5/27/19,2.12033772
5/28/19,9.72502232
5/29/19,7.34598494
5/30/19,5.09983635
5/31/19,0.300419599
6/1/19,38.7272758
6/2/19,36.0673828
6/3/19,0
6/4/19,0.406298876
6/5/19,13.188056
6/6/19,0.040525407
6/7/19,0
6/8/19,0.021942161
6/9/19,1.7153666
6/10/19,1.9238224
6/11/19,0
6/12/19,0.019514106
6/13/19,8.84312916
6/14/19,1.3485918
6/15/19,4.73257113
6/16/19,1.91827595
6/17/19,0.903970659
6/18/19,1.19962573
6/19/19,0.632663012
6/20/19,16.2358398
6/21/19,0.144404382
6/22/19,0.019645372
6/23/19,0.001699472
6/24/19,1.91570711
6/25/19,0
6/26/19,0.051036127
6/27/19,3.44350958
6/28/19,0
6/29/19,0.000887456
6/30/19,0.03600958
7/1/19,0
7/2/19,10.852747
7/3/19,3.21205568
7/4/19,4.20446491
7/5/19,11.4403067
7/6/19,6.59144115
7/7/19,1.50235808
7/8/19,0
7/9/19,0
7/10/19,3.69449639
7/11/19,0.428385675
7/12/19,0
7/13/19,0.00158168
7/14/19,0.035512399
7/15/19,0.534965217
7/16/19,8.82272911
7/17/19,12.057498
7/18/19,4.84166002
7/19/19,0.010354045
7/20/19,1.74034357
7/21/19,3.47216964
7/22/19,15.1079798
7/23/19,0.113188118
7/24/19,0.819381654
7/25/19,0
7/26/19,0
7/27/19,0
7/28/19,0.071780883
7/29/19,0.330447495
7/30/19,3.74165058
7/31/19,0.04502368
8/1/19,0
8/2/19,0
8/3/19,0
8/4/19,1.08441496
8/5/19,0.000838395
8/6/19,7.34226227
8/7/19,0
8/8/19,0.007522909
8/9/19,0
8/10/19,0.002735477
8/11/19,0
8/12/19,0.716818333
8/13/19,3.4801681
8/14/19,0.001927115
8/15/19,1.4329623
8/16/19,0.177048743
8/17/19,0.737183988
8/18/19,11.2328939
8/19/19,25.9556808
8/20/19,17.0152054
8/21/19,0.308949322
8/22/19,4.47288895
8/23/19,0
8/24/19,0
8/25/19,0.021517275
8/26/19,5.91885996
8/27/19,1.04071105
8/28/19,0
8/29/19,0
8/30/19,1.60310078
8/31/19,0.246799693
9/1/19,7.1435504
9/2/19,0
9/3/19,0.417198181
9/4/19,0.454488605
9/5/19,0
9/6/19,0
9/7/19,0
9/8/19,0.529485822
9/9/19,0
9/10/19,0.000166275
9/11/19,0.767519951
9/12/19,8.52630806
9/13/19,7.04036188
9/14/19,0.183606848
9/15/19,0.458960146
9/16/19,0
9/17/19,0
9/18/19,0
9/19/19,0
9/20/19,0
9/21/19,2.58372998
9/22/19,2.69323468
9/23/19,10.8728294
9/24/19,0
9/25/19,0.267298132
9/26/19,0.011667356
9/27/19,8.53368759
9/28/19,15.9729128
9/29/19,7.54842615
9/30/19,3.91245461
10/1/19,0.008249655
10/2/19,1.12484336
10/3/19,1.25146723
10/4/19,0
10/5/19,0
10/6/19,5.56361294
10/7/19,2.80898714
10/8/19,0
10/9/19,0
10/10/19,0
10/11/19,4.48983479
10/12/19,0.283262014
10/13/19,0
10/14/19,0.002676705
10/15/19,0.000660816
10/16/19,7.09412241
10/17/19,0.00302877
10/18/19,0
10/19/19,0
10/20/19,0.004787015
10/21/19,9.72020817
10/22/19,6.82630205
10/23/19,0
10/24/19,0.300041556
10/25/19,1.01375604
10/26/19,26.8452396
10/27/19,1.78054178
10/28/19,0
10/29/19,0
10/30/19,9.99919319
10/31/19,11.3497133
11/1/19,0.008959726
11/2/19,0.02975136
11/3/19,0.002375803
11/4/19,1.0564208
11/5/19,0.72610122
11/6/19,0.001419921
11/7/19,3.55E-05
11/8/19,0
11/9/19,0.00145698
11/10/19,0.160170764
11/11/19,1.05975544
11/12/19,1.54426396
11/13/19,2.09483814
11/14/19,2.59345865
11/15/19,0
11/16/19,0
11/17/19,1.32766795
11/18/19,0.547303319
11/19/19,0.002647335
11/20/19,0.001820304
11/21/19,3.35319591
11/22/19,0.000982574
11/23/19,0.789806604
11/24/19,0.41340369
11/25/19,0.416894257
11/26/19,0.027348634
11/27/19,8.73239517
11/28/19,0
11/29/19,0.021677064
11/30/19,0.51571238
12/1/19,5.25976181
12/2/19,0.091195256
12/3/19,0.143750161
12/4/19,0
12/5/19,4.11E-05
12/6/19,0.148577616
12/7/19,0.001196221
12/8/19,0.149672419
12/9/19,5.7722311
12/10/19,0.022010546
12/11/19,0.000548593
12/12/19,0.002755043
12/13/19,0.08256378
12/14/19,0.745464981
12/15/19,0.004107758
12/16/19,0.04342299
12/17/19,0.006490196
12/18/19,0
12/19/19,0.001444535
12/20/19,0.096723639
12/21/19,0.02264715
12/22/19,0
12/23/19,0
12/24/19,0.005879776
12/25/19,0.013257184
12/26/19,0.080622181
12/27/19,0.007835788
12/28/19,0.025181418
12/29/19,17.7978477
12/30/19,33.6340828
12/31/19,0.044391021
1/1/20,0
1/2/20,0.029248029
1/3/20,2.41206455
1/4/20,0.015987296
1/5/20,0.090227634
1/6/20,0
1/7/20,0.006704957
1/8/20,0
1/9/20,0.036763102
1/10/20,15.3568478
1/11/20,22.9289074
1/12/20,1.62642241
1/13/20,1.10574794
1/14/20,0.000651947
1/15/20,0
1/16/20,0.012603123
1/17/20,0.013636493
1/18/20,20.1835613
1/19/20,0.004403537
1/20/20,0
1/21/20,0
1/22/20,0.014203139
1/23/20,5.84253216
1/24/20,42.3621025
1/25/20,0.197908551
1/26/20,0
1/27/20,0
1/28/20,0
1/29/20,0
1/30/20,0.133644879
1/31/20,7.77771568
2/1/20,0
2/2/20,0.149476603
2/3/20,0.241858721
2/4/20,2.53423023
2/5/20,0.049111128
2/6/20,4.36670732
2/7/20,0.022319909
2/8/20,0.017162791
2/9/20,4.05339479
2/10/20,1.21045768
2/11/20,0.471089005
2/12/20,2.12630057
2/13/20,4.12215996
2/14/20,0
2/15/20,1.19261575
2/16/20,0.13979286
2/17/20,1.95997906
2/18/20,6.84257364
2/19/20,0
2/20/20,0
2/21/20,0
2/22/20,0
2/23/20,0
2/24/20,5.84996939
2/25/20,11.1139936
2/26/20,2.17466521
2/27/20,0.084516607
2/28/20,0
2/29/20,0.002019986
3/1/20,0
3/2/20,13.6190376
3/3/20,1.37446046
3/4/20,0.835416555
3/5/20,0
3/6/20,0.026688004
3/7/20,0
3/8/20,0.001202206
3/9/20,1.72327197
3/10/20,10.2327852
3/11/20,0.303857774
3/12/20,0.025681768
3/13/20,0.122913286
3/14/20,1.92004669
3/15/20,0.14174436
3/16/20,0.087797336
3/17/20,0.003731802
3/18/20,15.566884
3/19/20,16.6725693
3/20/20,5.19682503
3/21/20,0
3/22/20,0.864776075
3/23/20,0.663609505
3/24/20,0.058330827
3/25/20,0.097232968
3/26/20,4.04286242
3/27/20,3.43378949
3/28/20,24.3453426
3/29/20,16.4836025
3/30/20,0.026408151
3/31/20,0
4/1/20,0.020866215
4/2/20,0
4/3/20,0
4/4/20,0.024772205
4/5/20,0
4/6/20,0.004830148
4/7/20,6.38191938
4/8/20,27.6837482
4/9/20,0.718083203
4/10/20,0
4/11/20,0.049305912
4/12/20,7.18278885
4/13/20,1.84354377
4/14/20,0.009225463
4/15/20,0.13754724
4/16/20,0
4/17/20,3.14432096
4/18/20,0.022927886
4/19/20,0.028520819
4/20/20,0
4/21/20,1.4045397
4/22/20,0.563687444
4/23/20,0.945849717
4/24/20,0.273129374
4/25/20,0.333100021
4/26/20,4.50128078
4/27/20,0.177659959
4/28/20,2.9985261
4/29/20,4.05831861
4/30/20,1.79284704
5/1/20,0.311774731
5/2/20,0.974002659
5/3/20,1.55028009
5/4/20,0.161127806
5/5/20,0.295327574
5/6/20,0.431566119
5/7/20,0
5/8/20,0
5/9/20,0
5/10/20,6.7158494
5/11/20,0.000900646
5/12/20,0
5/13/20,0
5/14/20,18.6645679
5/15/20,13.9014425
5/16/20,0.00191111
5/17/20,2.79197598
5/18/20,19.6783733
5/19/20,21.7502003
5/20/20,6.4006443
5/21/20,0.353313863
5/22/20,2.80745673
5/23/20,0.476974964
5/24/20,0.050537899
5/25/20,1.01255476
5/26/20,2.83914423
5/27/20,0.483654559
5/28/20,4.4988637
5/29/20,4.57009554
5/30/20,0
5/31/20,0
6/1/20,0
6/2/20,2.27908492
6/3/20,3.14088631
6/4/20,0.027353916
6/5/20,5.87755251
6/6/20,0
6/7/20,0.104486525
6/8/20,0
6/9/20,0.16136609
6/10/20,15.8887949
6/11/20,0.001095562
6/12/20,0.002345673
6/13/20,4.10723209
6/14/20,0
6/15/20,0
6/16/20,0
6/17/20,0
6/18/20,0.005053023
6/19/20,0
6/20/20,0.002224122
6/21/20,0.708930373
6/22/20,3.2270081
6/23/20,6.97077322
6/24/20,0.001316965
6/25/20,0
6/26/20,4.58286667
6/27/20,20.6476078
6/28/20,5.76570797
6/29/20,0
6/30/20,0
7/1/20,0
7/2/20,0
7/3/20,0.389063776
7/4/20,0.004082294
7/5/20,0
7/6/20,0
7/7/20,0.032284092
7/8/20,9.13663006
7/9/20,4.33112049
7/10/20,39.0183907
7/11/20,0.189858377
7/12/20,0.707593262
7/13/20,0.156012207
7/14/20,0
7/15/20,0
7/16/20,9.02183533
7/17/20,0
7/18/20,0
7/19/20,12.4484234
7/20/20,0.068790205
7/21/20,0.396647632
7/22/20,8.83602715
7/23/20,0
7/24/20,0
7/25/20,0
7/26/20,0
7/27/20,11.1236563
7/28/20,0.313091695
7/29/20,0
7/30/20,0.080921345
7/31/20,0.128734186
8/1/20,9.24964237
8/2/20,1.3073374
8/3/20,0.012837385
8/4/20,0
8/5/20,0
8/6/20,0
8/7/20,0
8/8/20,0
8/9/20,0
8/10/20,0.005899515
8/11/20,4.56003046
8/12/20,0
8/13/20,0.000537126
8/14/20,13.7215576
8/15/20,3.12896872
8/16/20,16.2562065
8/17/20,0
8/18/20,0
8/19/20,0
8/20/20,0
8/21/20,0
8/22/20,0
8/23/20,0
8/24/20,0
8/25/20,0
8/26/20,1.55645299
8/27/20,0
8/28/20,12.6246872
8/29/20,27.7332706
8/30/20,0
8/31/20,0
9/1/20,0.113576889
9/2/20,1.76756895
9/3/20,0
9/4/20,0
9/5/20,0
9/6/20,1.94984627
9/7/20,22.264143
9/8/20,31.2097321
9/9/20,0
9/10/20,0.001143948
9/11/20,0.253646642
9/12/20,0.341429204
9/13/20,6.12715816
9/14/20,0
9/15/20,0
9/16/20,0
9/17/20,0
9/18/20,0
9/19/20,0
9/20/20,0
9/21/20,0
9/22/20,0
9/23/20,0
9/24/20,0.243523195
9/25/20,0
9/26/20,0
9/27/20,0
9/28/20,5.47321272
9/29/20,0.553280354
9/30/20,0.332523674
10/1/20,0.38684088
10/2/20,0
10/3/20,0.012335048
10/4/20,7.04001522
10/5/20,0
10/6/20,0.004604053
10/7/20,0.021016458
10/8/20,0
10/9/20,0
10/10/20,0.002160941
10/11/20,0
10/12/20,0.021457205
10/13/20,3.49769759
10/14/20,3.05092025
10/15/20,10.6927071
10/16/20,0.019313976
10/17/20,0.28517133
10/18/20,5.20084429
10/19/20,10.7881145
10/20/20,1.52257967
10/21/20,21.1032867
10/22/20,7.61869764
10/23/20,6.50873995
10/24/20,0.005930445
10/25/20,0.010738406
10/26/20,1.65012121
10/27/20,0.679333687
10/28/20,0.459498554
10/29/20,20.4378948
10/30/20,0
10/31/20,0
11/1/20,0.987295687
11/2/20,0
11/3/20,0.016216865
11/4/20,0
11/5/20,0.585115314
11/6/20,0
11/7/20,0
11/8/20,0
11/9/20,0
11/10/20,0.001301692
11/11/20,2.39323401
11/12/20,0
11/13/20,0.034228038
11/14/20,0.476706952
11/15/20,17.7692947
11/16/20,0
11/17/20,0.021024294
11/18/20,0.0012993
11/19/20,0.055996656
11/20/20,0.674436152
11/21/20,0.893185794
11/22/20,13.4964466
11/23/20,0
11/24/20,6.74937773
11/25/20,22.577673
11/26/20,6.48376894
11/27/20,0
11/28/20,0
11/29/20,0
11/30/20,10.2784891
12/1/20,0.027717991
12/2/20,0
12/3/20,0.011745212
12/4/20,0.017890837
12/5/20,0
12/6/20,0
12/7/20,0
12/8/20,0.204056248
12/9/20,4.18634844
12/10/20,0
12/11/20,0.067754291
12/12/20,12.6207647
12/13/20,0
12/14/20,0.170156777
12/15/20,0.087812491
12/16/20,0.124361165
12/17/20,7.63E-06
12/18/20,0.002542376
12/19/20,0.892931461
12/20/20,0.053792503
12/21/20,0.010632582
12/22/20,0
12/23/20,7.63818455
12/24/20,2.10049963
12/25/20,0.149045169
12/26/20,0.000558392
12/27/20,0.810072303
12/28/20,1.33051014
12/29/20,0.000296604
12/30/20,7.40248442
12/31/20,1.50821865
1/1/21,26.0596313
1/2/21,1.29878747
1/3/21,0.498392403
1/4/21,0
1/5/21,0.002677423
1/6/21,0
1/7/21,0.000364966
1/8/21,0
1/9/21,0
1/10/21,0
1/11/21,0
1/12/21,0
1/13/21,0.005234474
1/14/21,0.414214432
1/15/21,2.10888195
1/16/21,0.004759429
1/17/21,0
1/18/21,0.002533493
1/19/21,0.001505194
1/20/21,0.03274272
1/21/21,0
1/22/21,0
1/23/21,0.007332576
1/24/21,0.078123607
1/25/21,0.152289003
1/26/21,0.006497513
1/27/21,0.004575392
1/28/21,0.016651841
1/29/21,0
1/30/21,0.011770952
1/31/21,5.38052988
2/1/21,0.027647911
2/2/21,0.656410813
2/3/21,0
2/4/21,1.70072126
2/5/21,2.30418515
2/6/21,0
2/7/21,0
2/8/21,0.194938064
2/9/21,1.25871265
2/10/21,1.48775768
2/11/21,0.065611713
2/12/21,0.00294438
2/13/21,1.25821841
2/14/21,0
2/15/21,1.58951294
2/16/21,1.78065932
2/17/21,1.38621819
2/18/21,0.651382208
2/19/21,0
2/20/21,0
2/21/21,3.09730673
2/22/21,1.66629195
2/23/21,0.425926715
2/24/21,0.646475911
2/25/21,0
2/26/21,5.76638508
2/27/21,0
2/28/21,24.2696075
3/1/21,6.11573172
3/2/21,0
3/3/21,0
3/4/21,0
3/5/21,0
3/6/21,0
3/7/21,0
3/8/21,0
3/9/21,0.32447046
3/10/21,5.0996027
3/11/21,3.18683171
3/12/21,0.107141644
3/13/21,0
3/14/21,0.016718453
3/15/21,1.62172413
3/16/21,0.305434704
3/17/21,0
3/18/21,14.4614315
3/19/21,0.112850547
3/20/21,0
3/21/21,0
3/22/21,0
3/23/21,0.156712145
3/24/21,1.27392852
3/25/21,0.827488482
3/26/21,17.7147388
3/27/21,0.003303561
3/28/21,9.38040924
3/29/21,0
3/30/21,0.009218694
3/31/21,1.86211681