Title:,"Time Series, Area-Averaged of Daily accumulated precipitation (combined microwave-IR) estimate - Final Run daily ()"
User Start Date:,2010-01-01T00:00:00Z
User End Date:,2021-07-20T23:59:59Z
User Bounding Box:,"-84.6606,39.9023,-83.2983,41.1328"
Data Bounding Box:,"-84.65,39.95,-83.35,41.05"
URL to Reproduce Results:,"https://giovanni.gsfc.nasa.gov/giovanni/#service=ArAvTs&starttime=2010-01-01T00:00:00Z&endtime=2021-07-20T23:59:59Z&bbox=-84.6606,39.9023,-83.2983,41.1328&data=GPM_3IMERGDF_06_precipitationCal&portal=GIOVANNI&format=json"
Fill Value (mean_GPM_3IMERGDF_06_precipitationCal):,-9999.9
,
time, mean_GPM_3IMERGDF_06_precipitationCal
1/1/10,0.106114656
1/2/10,0.054964375
1/3/10,0
1/4/10,0.16475822
1/5/10,0.067221373
1/6/10,0
1/7/10,1.0248301
1/8/10,0
1/9/10,0
1/10/10,0
1/11/10,2.66001391
1/12/10,1.25734794
1/13/10,0
1/14/10,0.014587106
1/15/10,0.319001108
1/16/10,0.233236566
1/17/10,3.62262988
1/18/10,0
1/19/10,0.000572021
1/20/10,7.91947317
1/21/10,0
1/22/10,0.101418123
1/23/10,2.49072242
1/24/10,13.9458494
1/25/10,0.057815976
1/26/10,0.017024295
1/27/10,0.002808051
1/28/10,0.007226242
1/29/10,0.13213782
1/30/10,4.0950489
1/31/10,0
2/1/10,0.450690091
2/2/10,0.698599637
2/3/10,0
2/4/10,0.546252251
2/5/10,9.63344002
2/6/10,4.23234081
2/7/10,0.000180526
2/8/10,0
2/9/10,25.5729694
2/10/10,0.077466786
2/11/10,0
2/12/10,0
2/13/10,0
2/14/10,0
2/15/10,3.19933796
2/16/10,0.280359954
2/17/10,0.015532368
2/18/10,0
2/19/10,0
2/20/10,0.166032448
2/21/10,0.310652792
2/22/10,2.45624876
2/23/10,0.573605001
2/24/10,0.711250067
2/25/10,0
2/26/10,1.02089322
2/27/10,0.422205836
2/28/10,0.225842834
3/1/10,0
3/2/10,0.472710848
3/3/10,0
3/4/10,0
3/5/10,0
3/6/10,5.37E-05
3/7/10,0.075079538
3/8/10,1.1624974
3/9/10,1.30447519
3/10/10,1.06098425
3/11/10,7.95222807
3/12/10,0.955333292
3/13/10,26.7912846
3/14/10,2.1597898
3/15/10,0.216800734
3/16/10,0.271769166
3/17/10,0.007996196
3/18/10,0
3/19/10,0.000111863
3/20/10,0.06655854
3/21/10,0.566040635
3/22/10,12.7760735
3/23/10,0.138527378
3/24/10,0.269750625
3/25/10,12.4482489
3/26/10,4.29163933
3/27/10,0.015133919
3/28/10,13.7123747
3/29/10,0.568528116
3/30/10,0
3/31/10,0.035206586
4/1/10,0.00691295
4/2/10,0.206739828
4/3/10,2.19618535
4/4/10,0.261290759
4/5/10,3.45373106
4/6/10,4.0790658
4/7/10,1.61261606
4/8/10,23.7004852
4/9/10,0
4/10/10,0
4/11/10,0.264362693
4/12/10,0.008620576
4/13/10,0.28044197
4/14/10,0.002091931
4/15/10,0.000486194
4/16/10,1.3256973
4/17/10,8.86E-05
4/18/10,0.000519077
4/19/10,0.00915934
4/20/10,0.559578419
4/21/10,0.003020243
4/22/10,0.016023785
4/23/10,1.40367913
4/24/10,10.5968037
4/25/10,13.1146631
4/26/10,2.51027489
4/27/10,0.207747668
4/28/10,0
4/29/10,0.149710909
4/30/10,0.014803588
5/1/10,10.5918655
5/2/10,15.2856703
5/3/10,0.884679556
5/4/10,3.27988982
5/5/10,0.308137476
5/6/10,1.75575268
5/7/10,5.12706327
5/8/10,3.08096075
5/9/10,0.000518073
5/10/10,0.010993998
5/11/10,14.5976124
5/12/10,9.36758804
5/13/10,1.43972766
5/14/10,0.953692853
5/15/10,2.94647527
5/16/10,2.76349258
5/17/10,17.1874866
5/18/10,0.616990089
5/19/10,0.007003202
5/20/10,0.332741916
5/21/10,24.8376446
5/22/10,3.29551315
5/23/10,0.003740781
5/24/10,0.030200427
5/25/10,0.138997808
5/26/10,0.032449272
5/27/10,7.30277252
5/28/10,3.18596244
5/29/10,0.00309667
5/30/10,0
5/31/10,9.09650898
6/1/10,3.31534052
6/2/10,11.3142824
6/3/10,5.08118677
6/4/10,0.454710037
6/5/10,16.3784428
6/6/10,13.1536274
6/7/10,0.015123398
6/8/10,3.13101196
6/9/10,21.7777939
6/10/10,0.031851813
6/11/10,12.395689
6/12/10,0.808807075
6/13/10,10.1950054
6/14/10,1.84950888
6/15/10,17.7124195
6/16/10,3.81053972
6/17/10,0.003252698
6/18/10,0.000309942
6/19/10,5.85407686
6/20/10,0
6/21/10,3.6930182
6/22/10,11.8806696
6/23/10,3.61054659
6/24/10,1.35823143
6/25/10,0
6/26/10,0.272220761
6/27/10,8.3366394
6/28/10,18.9345322
6/29/10,0
6/30/10,0.003855933
7/1/10,0
7/2/10,0.006433943
7/3/10,0.001314238
7/4/10,0.000723262
7/5/10,0.002684386
7/6/10,0
7/7/10,0
7/8/10,3.91317177
7/9/10,3.9482708
7/10/10,0.029928839
7/11/10,0.361112207
7/12/10,14.1957083
7/13/10,3.17651153
7/14/10,0.035084605
7/15/10,0.43550697
7/16/10,2.2312324
7/17/10,0.015048755
7/18/10,4.69543505
7/19/10,0.030032352
7/20/10,1.85223413
7/21/10,0.385714799
7/22/10,0.778088272
7/23/10,0.047636982
7/24/10,2.23944283
7/25/10,16.750061
7/26/10,0.000771899
7/27/10,0.007251395
7/28/10,7.635746
7/29/10,5.10991764
7/30/10,0.12159358
7/31/10,8.4046545
8/1/10,0.00161642
8/2/10,0.255551934
8/3/10,8.74108124
8/4/10,19.7246685
8/5/10,15.8508968
8/6/10,0.014535371
8/7/10,0.000161235
8/8/10,0.198003605
8/9/10,0.035495676
8/10/10,1.38042688
8/11/10,12.3516359
8/12/10,0.081652366
8/13/10,0
8/14/10,6.46450949
8/15/10,1.37822855
8/16/10,0.153985947
8/17/10,0.429607004
8/18/10,0.640404344
8/19/10,0.00321476
8/20/10,0.009073101
8/21/10,5.64825392
8/22/10,0.004515425
8/23/10,0
8/24/10,0
8/25/10,0
8/26/10,0.000313886
8/27/10,0
8/28/10,0
8/29/10,0.000724912
8/30/10,0.016589997
8/31/10,0.004640725
9/1/10,0.000137763
9/2/10,0.420793295
9/3/10,0.327103227
9/4/10,0.012399108
9/5/10,0.00130295
9/6/10,0.917581618
9/7/10,0.477965981
9/8/10,0.000168202
9/9/10,0
9/10/10,0
9/11/10,8.05313492
9/12/10,0
9/13/10,0.016076155
9/14/10,0.386976272
9/15/10,0.021063948
9/16/10,5.95006037
9/17/10,0
9/18/10,0.119094163
9/19/10,0.916781962
9/20/10,0.012003475
9/21/10,0.012655147
9/22/10,5.8405242
9/23/10,0.042826988
9/24/10,0.541861236
9/25/10,0
9/26/10,0.274456859
9/27/10,12.1845665
9/28/10,6.84559822
9/29/10,0.032570999
9/30/10,0.376162112
10/1/10,0.000152834
10/2/10,2.12922931
10/3/10,0.085710667
10/4/10,0.000355243
10/5/10,0.117977932
10/6/10,0.00901481
10/7/10,0.000298868
10/8/10,0
10/9/10,0.006643843
10/10/10,0.000631981
10/11/10,1.29406822
10/12/10,0.024430644
10/13/10,2.7732234
10/14/10,8.00503254
10/15/10,1.20411384
10/16/10,9.77E-05
10/17/10,0.022636313
10/18/10,2.90850616
10/19/10,1.41967976
10/20/10,0.000625372
10/21/10,0.011934567
10/22/10,0.004511312
10/23/10,3.23076391
10/24/10,3.98980141
10/25/10,0.730941236
10/26/10,10.9418812
10/27/10,0.00507637
10/28/10,0.043850485
10/29/10,0.152561799
10/30/10,0.051694419
10/31/10,0.002628036
11/1/10,0.001411817
11/2/10,0.000888954
11/3/10,0.114986904
11/4/10,0.134809524
11/5/10,0.005212624
11/6/10,0
11/7/10,0
11/8/10,0
11/9/10,0
11/10/10,0.002418392
11/11/10,0
11/12/10,0
11/13/10,0.439348817
11/14/10,0.165715143
11/15/10,0.085530907
11/16/10,14.2726135
11/17/10,2.35065675
11/18/10,0.678264081
11/19/10,0
11/20/10,0.051919222
11/21/10,0.138612911
11/22/10,2.27560949
11/23/10,6.18161774
11/24/10,3.4611907
11/25/10,54.4663429
11/26/10,14.3489914
11/27/10,0
11/28/10,0
11/29/10,0.112315498
11/30/10,30.2207584
12/1/10,0.018832862
12/2/10,0
12/3/10,0
12/4/10,0.704497278
12/5/10,0.000194019
12/6/10,0
12/7/10,0.055558272
12/8/10,4.96E-06
12/9/10,0.943143606
12/10/10,1.20935965
12/11/10,4.53000212
12/12/10,8.27799129
12/13/10,3.0368011
12/14/10,0
12/15/10,0
12/16/10,7.58260441
12/17/10,0
12/18/10,0.076929301
12/19/10,0
12/20/10,0.222043931
12/21/10,3.44568372
12/22/10,0.207381591
12/23/10,0
12/24/10,2.00263309
12/25/10,0.62750572
12/26/10,0.00273819
12/27/10,0
12/28/10,0
12/29/10,0.022285495
12/30/10,3.72014904
12/31/10,0.639948487
1/1/11,13.1378946
1/2/11,9.49E-05
1/3/11,0.000673352
1/4/11,0.002431563
1/5/11,0.010741714
1/6/11,0.164172694
1/7/11,0.407661408
1/8/11,0.792574286
1/9/11,0
1/10/11,4.66018248
1/11/11,0.433598906
1/12/11,0.077148147
1/13/11,0.002629657
1/14/11,0.946593463
1/15/11,3.80774164
1/16/11,0.233591199
1/17/11,4.24227142
1/18/11,6.07682705
1/19/11,0.781383097
1/20/11,6.72056103
1/21/11,0.08751072
1/22/11,0.551490486
1/23/11,0.454803646
1/24/11,0
1/25/11,7.30E-05
1/26/11,0.286262065
1/27/11,0.57309705
1/28/11,0.339908212
1/29/11,0
1/30/11,0.012632378
1/31/11,0.16555436
2/1/11,11.4020796
2/2/11,8.94456863
2/3/11,0
2/4/11,0
2/5/11,0.038633838
2/6/11,0.088110402
2/7/11,0.518520832
2/8/11,0.003899588
2/9/11,10.3251696
2/10/11,0.515849888
2/11/11,1.04723465
2/12/11,0.152375832
2/13/11,0.490201116
2/14/11,0.072127633
2/15/11,0.641219735
2/16/11,0.060378246
2/17/11,7.61339474
2/18/11,0.686298788
2/19/11,0.205420569
2/20/11,0.408774942
2/21/11,10.7715979
2/22/11,0.052249219
2/23/11,0.002705709
2/24/11,1.76908231
2/25/11,12.5171366
2/26/11,1.14241028
2/27/11,1.23788655
2/28/11,69.8769989
3/1/11,0.013041537
3/2/11,0.000888118
3/3/11,0.044255778
3/4/11,8.46339226
3/5/11,45.396595
3/6/11,0.400782406
3/7/11,0.003384535
3/8/11,0.368817627
3/9/11,10.0111532
3/10/11,1.2676996
3/11/11,0.288225681
3/12/11,0.761289477
3/13/11,0
3/14/11,0.207955271
3/15/11,5.61445284
3/16/11,0.380672663
3/17/11,0.578107357
3/18/11,3.74258804
3/19/11,0.033244327
3/20/11,0.645915091
3/21/11,7.3735981
3/22/11,6.68977976
3/23/11,8.16601849
3/24/11,2.81151772
3/25/11,0.114085793
3/26/11,0.003393927
3/27/11,0.126136661
3/28/11,0.001196736
3/29/11,0.042066891
3/30/11,1.41224825
3/31/11,0.031503763
4/1/11,0.240312755
4/2/11,0.594776154
4/3/11,0.911226988
4/4/11,48.7107925
4/5/11,0.536305189
4/6/11,0.360055119
4/7/11,1.85926843
4/8/11,3.8198812
4/9/11,1.8036809
4/10/11,0.114732057
4/11/11,8.9676857
4/12/11,2.02111697
4/13/11,0.001838649
4/14/11,0.010801763
4/15/11,2.3708322
4/16/11,3.53547478
4/17/11,0.004207158
4/18/11,1.21784079
4/19/11,22.069479
4/20/11,25.7320118
4/21/11,0.004630286
4/22/11,9.26256084
4/23/11,9.75775719
4/24/11,4.56408167
4/25/11,20.1239357
4/26/11,5.89520454
4/27/11,20.0819931
4/28/11,3.73766494
4/29/11,0.481325924
4/30/11,2.21377277
5/1/11,2.29425502
5/2/11,19.3438454
5/3/11,11.5874052
5/4/11,0.067749769
5/5/11,0.000432377
5/6/11,1.96376002
5/7/11,8.27811146
5/8/11,2.12392402
5/9/11,0.091316551
5/10/11,5.75689173
5/11/11,11.8152142
5/12/11,1.11952376
5/13/11,1.5026716
5/14/11,8.31955719
5/15/11,3.42567015
5/16/11,0.905115187
5/17/11,3.79764152
5/18/11,1.17229223
5/19/11,1.11651134
5/20/11,0.311442733
5/21/11,0.794712484
5/22/11,2.70673275
5/23/11,13.8308411
5/24/11,6.24362516
5/25/11,12.9251194
5/26/11,40.107975
5/27/11,0.902098238
5/28/11,4.83536863
5/29/11,10.5207491
5/30/11,0.103427641
5/31/11,0.005012257
6/1/11,0.001417427
6/2/11,0.326761395
6/3/11,0.039365675
6/4/11,1.81041265
6/5/11,20.5774975
6/6/11,0.036195066
6/7/11,0.047929104
6/8/11,0.001533655
6/9/11,0.808874488
6/10/11,18.7500191
6/11/11,6.59111309
6/12/11,0.000440955
6/13/11,0.018634364
6/14/11,0.056709036
6/15/11,3.41441321
6/16/11,2.65260553
6/17/11,0.671875656
6/18/11,1.64341092
6/19/11,2.94407916
6/20/11,10.7451811
6/21/11,2.39396024
6/22/11,0.162028447
6/23/11,0.447293609
6/24/11,0.011955923
6/25/11,0.024944346
6/26/11,1.56277716
6/27/11,0.544082999
6/28/11,0.002240252
6/29/11,7.24E-05
6/30/11,0.005568209
7/1/11,0.276400745
7/2/11,7.59863663
7/3/11,1.29531133
7/4/11,3.75128651
7/5/11,0.00013115
7/6/11,0.044468962
7/7/11,0.402160704
7/8/11,1.40296316
7/9/11,0
7/10/11,0.005475474
7/11/11,11.4632235
7/12/11,6.04067326
7/13/11,0.064352877
7/14/11,0
7/15/11,0.000153013
7/16/11,0
7/17/11,0.006171399
7/18/11,6.43451595
7/19/11,4.3434968
7/20/11,0.63637805
7/21/11,0.438636035
7/22/11,3.87566662
7/23/11,2.41449046
7/24/11,20.3018475
7/25/11,1.71745896
7/26/11,0.002794023
7/27/11,0.065258905
7/28/11,1.60871327
7/29/11,4.25202751
7/30/11,0.693062544
7/31/11,0
8/1/11,0.601439297
8/2/11,0.051054824
8/3/11,8.50469971
8/4/11,0.001162915
8/5/11,0.10127221
8/6/11,0.172537372
8/7/11,4.28177595
8/8/11,0.478286654
8/9/11,11.5328722
8/10/11,2.52374458
8/11/11,0.007400487
8/12/11,0.00921277
8/13/11,1.12961078
8/14/11,13.2207346
8/15/11,0.111098692
8/16/11,0.000819231
8/17/11,0.029063614
8/18/11,0.305590153
8/19/11,1.31928802
8/20/11,2.20383644
8/21/11,2.19083476
8/22/11,0.012446046
8/23/11,0.308126271
8/24/11,17.6366138
8/25/11,20.1027145
8/26/11,0
8/27/11,0.005986655
8/28/11,0.002421308
8/29/11,0.299805224
8/30/11,0.260601163
8/31/11,1.25445461
9/1/11,0.083208628
9/2/11,0.000399724
9/3/11,0.621984065
9/4/11,17.008728
9/5/11,1.5588876
9/6/11,0.907710075
9/7/11,2.39845943
9/8/11,5.50848675
9/9/11,0.021356225
9/10/11,0.609382331
9/11/11,2.80208731
9/12/11,0.152591377
9/13/11,0.008729542
9/14/11,4.92200851
9/15/11,7.59172201
9/16/11,0.482105881
9/17/11,0.168687373
9/18/11,0.00759106
9/19/11,21.2748871
9/20/11,0.379650325
9/21/11,6.87607718
9/22/11,0.370533586
9/23/11,17.7126465
9/24/11,0.256645858
9/25/11,2.00460291
9/26/11,57.182106
9/27/11,1.88467503
9/28/11,4.84989166
9/29/11,9.84892082
9/30/11,0.564344585
10/1/11,0.142400727
10/2/11,0.000200684
10/3/11,0.831628501
10/4/11,1.36E-05
10/5/11,1.89E-05
10/6/11,0.00367813
10/7/11,0
10/8/11,0
10/9/11,0.273098975
10/10/11,1.91654873
10/11/11,0.019720655
10/12/11,5.88427591
10/13/11,2.43867683
10/14/11,0.259289712
10/15/11,0.05355436
10/16/11,2.07449341
10/17/11,0.489730179
10/18/11,6.72670937
10/19/11,37.9050713
10/20/11,11.3999109
10/21/11,0.53599894
10/22/11,0.026874492
10/23/11,0.201791167
10/24/11,3.78016472
10/25/11,0.197730392
10/26/11,13.6442394
10/27/11,5.78000927
10/28/11,0.081502974
10/29/11,0.006798808
10/30/11,0.606399179
10/31/11,1.14044321
11/1/11,0.000212049
11/2/11,0.478072762
11/3/11,4.11805439
11/4/11,1.12708139
11/5/11,0
11/6/11,0
11/7/11,0
11/8/11,0.001781032
11/9/11,12.6490574
11/10/11,0
11/11/11,0.000119248
11/12/11,0.000377602
11/13/11,0.006321332
11/14/11,16.2132282
11/15/11,25.7506275
11/16/11,4.1395607
11/17/11,0.147573709
11/18/11,0
11/19/11,0.263372183
11/20/11,2.5783453
11/21/11,0.630582631
11/22/11,33.2333183
11/23/11,0.443534702
11/24/11,0
11/25/11,5.90E-05
11/26/11,0.528358936
11/27/11,15.656888
11/28/11,11.7715092
11/29/11,30.0210953
11/30/11,0.083169125
12/1/11,4.52E-05
12/2/11,0
12/3/11,0.352360457
12/4/11,14.3410254
12/5/11,33.6830673
12/6/11,0.357251137
12/7/11,2.13E-05
12/8/11,0.017603211
12/9/11,1.49150789
12/10/11,0
12/11/11,0
12/12/11,3.53E-05
12/13/11,0.006331729
12/14/11,13.2754927
12/15/11,44.2271156
12/16/11,0.758677065
12/17/11,0.101025
12/18/11,6.13E-05
12/19/11,0.036710516
12/20/11,5.26450157
12/21/11,10.6536655
12/22/11,4.99423075
12/23/11,0.393410534
12/24/11,0.004131012
12/25/11,0.059095696
12/26/11,0
12/27/11,3.93977904
12/28/11,0
12/29/11,0.50894022
12/30/11,2.90719008
12/31/11,0.416458368
1/1/12,0.309025764
1/2/12,0.070287138
1/3/12,0.00037205
1/4/12,1.18959785
1/5/12,0.734270573
1/6/12,0.296435803
1/7/12,0.548857391
1/8/12,0.126096934
1/9/12,0.11735639
1/10/12,0
1/11/12,5.84699249
1/12/12,0.142350599
1/13/12,0.159335509
1/14/12,0.181163192
1/15/12,0
1/16/12,1.76981735
1/17/12,2.64702415
1/18/12,0
1/19/12,5.53575516
1/20/12,11.9936419
1/21/12,7.14011097
1/22/12,0.338338137
1/23/12,22.971199
1/24/12,0.000816237
1/25/12,9.28412533
1/26/12,17.8368969
1/27/12,7.87358189
1/28/12,1.74705648
1/29/12,0.025612842
1/30/12,1.27155471
1/31/12,1.19292402
2/1/12,0.448800385
2/2/12,0.802334547
2/3/12,0.226619273
2/4/12,8.80953026
2/5/12,0.021084242
2/6/12,0
2/7/12,0.011472853
2/8/12,0.547522187
2/9/12,0
2/10/12,4.37020969
2/11/12,0.002954711
2/12/12,0
2/13/12,4.16768503
2/14/12,9.39992046
2/15/12,0.851415694
2/16/12,1.71095359
2/17/12,5.44E-05
2/18/12,0.000104028
2/19/12,0.004454388
2/20/12,0.003359389
2/21/12,0.762124956
2/22/12,0.609701753
2/23/12,2.05440569
2/24/12,1.01474321
2/25/12,0
2/26/12,0
2/27/12,0.009818749
2/28/12,0.001633895
2/29/12,15.9004955
3/1/12,0.393786669
3/2/12,23.1987209
3/3/12,0
3/4/12,0
3/5/12,0.060781561
3/6/12,0.000777967
3/7/12,0.304253012
3/8/12,5.11066961
3/9/12,0.005867333
3/10/12,0.000466524
3/11/12,0.003332256
3/12/12,6.73522758
3/13/12,0.030105781
3/14/12,0.020630045
3/15/12,6.19415855
3/16/12,4.25078201
3/17/12,0.013080005
3/18/12,3.09754062
3/19/12,0.817018569
3/20/12,0.829811752
3/21/12,0.199819461
3/22/12,0.012497627
3/23/12,10.9740725
3/24/12,8.03420448
3/25/12,0.08683797
3/26/12,0.025143307
3/27/12,0.005687502
3/28/12,0.518760562
3/29/12,0.042241633
3/30/12,3.68626142
3/31/12,1.52323711
4/1/12,0.052753761
4/2/12,0.029244896
4/3/12,3.57136822
4/4/12,0.483425111
4/5/12,0.232632741
4/6/12,0
4/7/12,0.00016247
4/8/12,0.879962087
4/9/12,0.008020279
4/10/12,0.000772485
4/11/12,0.000141859
4/12/12,0
4/13/12,0.329352915
4/14/12,11.8721819
4/15/12,1.20452392
4/16/12,1.9830513
4/17/12,0.326181412
4/18/12,0.09287899
4/19/12,0.001946653
4/20/12,0.822670579
4/21/12,4.04026461
4/22/12,0.011870237
4/23/12,0.002569163
4/24/12,0.001028738
4/25/12,7.61210155
4/26/12,11.0797367
4/27/12,0.001297911
4/28/12,5.2237463
4/29/12,0.372264177
4/30/12,6.91625452
5/1/12,11.5184174
5/2/12,10.5002098
5/3/12,0.053139698
5/4/12,2.07479334
5/5/12,1.67791963
5/6/12,0.539253056
5/7/12,13.5140696
5/8/12,9.22075748
5/9/12,0.184185222
5/10/12,0.034514729
5/11/12,0
5/12/12,0.942895174
5/13/12,0.957562625
5/14/12,0.012344365
5/15/12,0
5/16/12,0.00317087
5/17/12,0
5/18/12,0
5/19/12,0
5/20/12,0.068014324
5/21/12,0.224412903
5/22/12,0.040635489
5/23/12,0
5/24/12,0
5/25/12,0.050212096
5/26/12,0.779013097
5/27/12,3.47E-05
5/28/12,0.246165276
5/29/12,15.3262978
5/30/12,0.109508455
5/31/12,0.594890833
6/1/12,9.32140827
6/2/12,0.296699286
6/3/12,0.190197513
6/4/12,0.022942521
6/5/12,0.025276881
6/6/12,0.010038543
6/7/12,0.003393031
6/8/12,0
6/9/12,0
6/10/12,0.005965509
6/11/12,6.14234161
6/12/12,5.26E-05
6/13/12,0.000341381
6/14/12,0.001024023
6/15/12,0
6/16/12,0.848160326
6/17/12,1.72069168
6/18/12,1.16857219
6/19/12,0.009179647
6/20/12,0
6/21/12,0.3456738
6/22/12,0.097562403
6/23/12,0.192755803
6/24/12,0.004670417
6/25/12,0
6/26/12,0.000554202
6/27/12,0
6/28/12,0
6/29/12,25.7857533
6/30/12,5.82489777
7/1/12,5.12101936
7/2/12,0.60110718
7/3/12,0.017544963
7/4/12,0.314022571
7/5/12,4.86039543
7/6/12,0.539022744
7/7/12,0.037944295
7/8/12,0.414485931
7/9/12,0.069541968
7/10/12,0.028022878
7/11/12,0.030192932
7/12/12,0.044309259
7/13/12,0.107267655
7/14/12,0.359015703
7/15/12,1.22503853
7/16/12,0.114975274
7/17/12,0.206691533
7/18/12,14.7571592
7/19/12,8.97578526
7/20/12,2.7326932
7/21/12,0.013908877
7/22/12,0.158622369
7/23/12,5.57432413
7/24/12,18.6888428
7/25/12,0.461445957
7/26/12,8.63170719
7/27/12,0.653666079
7/28/12,0.122927137
7/29/12,0
7/30/12,0.001960284
7/31/12,0.364478707
8/1/12,0
8/2/12,0.006229347
8/3/12,0.070667729
8/4/12,5.57850647
8/5/12,28.5430584
8/6/12,0.005492386
8/7/12,0.000277197
8/8/12,0.000776958
8/9/12,10.3581657
8/10/12,9.50383568
8/11/12,0.052080751
8/12/12,0.128256291
8/13/12,1.44702613
8/14/12,3.67899728
8/15/12,0.351023614
8/16/12,1.32194495
8/17/12,1.43383121
8/18/12,0.000244368
8/19/12,1.38009703
8/20/12,0.192517772
8/21/12,2.75209641
8/22/12,0.004544969
8/23/12,0
8/24/12,0.000213589
8/25/12,0.003785238
8/26/12,0.012986539
8/27/12,7.53783321
8/28/12,0
8/29/12,9.95E-05
8/30/12,0
8/31/12,0.649739206
9/1/12,6.79066563
9/2/12,7.29204178
9/3/12,1.16282701
9/4/12,0.391256303
9/5/12,1.21443343
9/6/12,0.608631492
9/7/12,8.71379566
9/8/12,43.2377319
9/9/12,0.082207389
9/10/12,0.000500359
9/11/12,0.000799151
9/12/12,0.000537906
9/13/12,0.383323759
9/14/12,0.99964869
9/15/12,0.025978087
9/16/12,1.01320374
9/17/12,0.449780494
9/18/12,7.15057755
9/19/12,0.000464797
9/20/12,0.124430314
9/21/12,6.20725441
9/22/12,14.7426319
9/23/12,0
9/24/12,0
9/25/12,1.69459832
9/26/12,15.3219414
9/27/12,5.548522
9/28/12,0.098179698
9/29/12,0.010249624
9/30/12,0.000180271
10/1/12,1.53399837
10/2/12,10.0755215
10/3/12,0.180673137
10/4/12,0.031784479
10/5/12,9.08128929
10/6/12,9.24732208
10/7/12,0.462391138
10/8/12,0.095199168
10/9/12,0.000486237
10/10/12,0.14203456
10/11/12,0.003385963
10/12/12,0.444028378
10/13/12,5.53149605
10/14/12,3.76678109
10/15/12,0.249777481
10/16/12,0.010409524
10/17/12,7.6975112
10/18/12,9.15555
10/19/12,6.18798351
10/20/12,0.179592535
10/21/12,0.002402705
10/22/12,0.561514497
10/23/12,15.394021
10/24/12,0.31642139
10/25/12,0.003555753
10/26/12,7.67628384
10/27/12,0.563112259
10/28/12,1.36746585
10/29/12,3.92429733
10/30/12,4.67503548
10/31/12,0.519251227
11/1/12,0.390523076
11/2/12,0
11/3/12,0.758301735
11/4/12,0.004080569
11/5/12,6.98E-05
11/6/12,0
11/7/12,0.000871334
11/8/12,0
11/9/12,0.032119993
11/10/12,3.98958588
11/11/12,0.5105322
11/12/12,19.7576046
11/13/12,0
11/14/12,0.054623339
11/15/12,0.01267793
11/16/12,0
11/17/12,0
11/18/12,0
11/19/12,0.590594828
11/20/12,0.107335873
11/21/12,0.011697886
11/22/12,0.008212854
11/23/12,1.19752038
11/24/12,0
11/25/12,0.091516294
11/26/12,0.227346957
11/27/12,0.032165695
11/28/12,0
11/29/12,1.46E-05
11/30/12,0.786918223
12/1/12,0.001342917
12/2/12,4.98373652
12/3/12,0.000181873
12/4/12,2.79550004
12/5/12,0.077567965
12/6/12,0.071126871
12/7/12,13.1176081
12/8/12,1.71688688
12/9/12,2.61626434
12/10/12,15.6952438
12/11/12,0
12/12/12,0
12/13/12,0
12/14/12,2.02E-05
12/15/12,2.714679
12/16/12,0.418268353
12/17/12,0.435918599
12/18/12,1.02723134
12/19/12,0.000490124
12/20/12,28.1934624
12/21/12,0.041797515
12/22/12,0.000121405
12/23/12,0
12/24/12,1.44212472
12/25/12,0
12/26/12,8.73463535
12/27/12,0.00161377
12/28/12,0.049274787
12/29/12,0.903884411
12/30/12,0
12/31/12,6.57593822
1/1/13,6.94962406
1/2/13,4.43436003
1/3/13,0.386356205
1/4/13,0
1/5/13,0
1/6/13,0
1/7/13,0
1/8/13,0.188472152
1/9/13,0.898946702
1/10/13,0.588971019
1/11/13,16.3357105
1/12/13,3.56528854
1/13/13,3.75612593
1/14/13,1.96017861
1/15/13,0.141770989
1/16/13,1.06063783
1/17/13,0.754752398
1/18/13,0
1/19/13,0.02018442
1/20/13,0.021569351
1/21/13,0.113150693
1/22/13,0
1/23/13,0.189489126
1/24/13,1.29514766
1/25/13,21.3923035
1/26/13,0.00147921
1/27/13,0.640565515
1/28/13,0.42564258
1/29/13,2.30925298
1/30/13,24.9322796
1/31/13,0
2/1/13,0.00030011
2/2/13,3.62578535
2/3/13,1.48615205
2/4/13,1.92831159
2/5/13,2.65599918
2/6/13,6.10E-05
2/7/13,0.071370661
2/8/13,0.227796912
2/9/13,0
2/10/13,10.0965118
2/11/13,0.228208318
2/12/13,0
2/13/13,0.958503008
2/14/13,0.018008536
2/15/13,0.005291699
2/16/13,0
2/17/13,0
2/18/13,0.135347262
2/19/13,9.88614368
2/20/13,0
2/21/13,0.04458442
2/22/13,3.45530939
2/23/13,6.98E-06
2/24/13,0.053366251
2/25/13,0
2/26/13,8.03638744
2/27/13,3.0055275
2/28/13,0.151507139
3/1/13,0
3/2/13,0.000170428
3/3/13,0
3/4/13,0.035126846
3/5/13,2.31635261
3/6/13,11.6666765
3/7/13,0.038985584
3/8/13,0
3/9/13,1.69137967
3/10/13,3.20383167
3/11/13,19.1927967
3/12/13,0.06764067
3/13/13,0.005562419
3/14/13,0.02558046
3/15/13,0.670532048
3/16/13,3.33479691
3/17/13,0.981966376
3/18/13,6.02692795
3/19/13,0.000110625
3/20/13,0.000414494
3/21/13,0.002064369
3/22/13,0
3/23/13,0
3/24/13,2.40499783
3/25/13,7.56830692
3/26/13,0.282795399
3/27/13,0.055425905
3/28/13,0.010931179
3/29/13,0.134917468
3/30/13,0.146128148
3/31/13,1.21301854
4/1/13,0.056826074
4/2/13,0
4/3/13,0
4/4/13,0.010560242
4/5/13,0.004803346
4/6/13,0.292794287
4/7/13,0.347988576
4/8/13,0.246386081
4/9/13,0.801960528
4/10/13,21.571228
4/11/13,29.6723137
4/12/13,9.25561237
4/13/13,0.01454263
4/14/13,0.142287806
4/15/13,0.925873578
4/16/13,14.1544466
4/17/13,4.59678602
4/18/13,1.85453677
4/19/13,13.4707861
4/20/13,0.0011654
4/21/13,0
4/22/13,0.037602015
4/23/13,0.72703892
4/24/13,19.4289608
4/25/13,0.001897654
4/26/13,0.000114126
4/27/13,0.015451373
4/28/13,5.54757261
4/29/13,0.444598079
4/30/13,0.683094919
5/1/13,0.015880382
5/2/13,0.040214989
5/3/13,0.1128802
5/4/13,0.662290692
5/5/13,0.939904034
5/6/13,2.99013901
5/7/13,0.649819076
5/8/13,1.04765117
5/9/13,0.592597961
5/10/13,12.4723654
5/11/13,0.286636025
5/12/13,0.009064326
5/13/13,0.001187873
5/14/13,0.020459477
5/15/13,0.217855573
5/16/13,5.35762548
5/17/13,0.72742331
5/18/13,1.16201198
5/19/13,0.005488297
5/20/13,1.78E-05
5/21/13,0.542439759
5/22/13,0.409665763
5/23/13,0.758728027
5/24/13,0.001316
5/25/13,0.036901347
5/26/13,1.10491705
5/27/13,9.91564178
5/28/13,9.33767796
5/29/13,0.278398931
5/30/13,0.132175609
5/31/13,9.05865383
6/1/13,6.95099545
6/2/13,2.02214932
6/3/13,1.36E-05
6/4/13,0.004163553
6/5/13,0.086406678
6/6/13,6.63341951
6/7/13,0.055083506
6/8/13,0.007149571
6/9/13,1.0453229
6/10/13,12.4730873
6/11/13,0.69410497
6/12/13,1.23398685
6/13/13,30.2831192
6/14/13,0
6/15/13,1.05306518
6/16/13,3.9404068
6/17/13,0.034918662
6/18/13,2.37620974
6/19/13,0.001443511
6/20/13,0
6/21/13,0.013509409
6/22/13,1.2938478
6/23/13,2.1676147
6/24/13,2.02142215
6/25/13,2.33754802
6/26/13,13.0559101
6/27/13,2.33038402
6/28/13,3.75302029
6/29/13,6.66428471
6/30/13,8.1632061
7/1/13,12.6101627
7/2/13,2.14254498
7/3/13,0.547110736
7/4/13,7.59215403
7/5/13,6.29391813
7/6/13,4.12169504
7/7/13,4.88064814
7/8/13,9.45682812
7/9/13,16.1768379
7/10/13,17.1989384
7/11/13,0.00105133
7/12/13,0
7/13/13,0.055488762
7/14/13,0
7/15/13,0.014891025
7/16/13,0.032307435
7/17/13,0.059485037
7/18/13,0.003755669
7/19/13,0.194377825
7/20/13,25.6076241
7/21/13,1.30726707
7/22/13,10.2956657
7/23/13,0.168726265
7/24/13,0.000401389
7/25/13,0.023702482
7/26/13,0.055078238
7/27/13,20.6734848
7/28/13,0.040297445
7/29/13,0.005887647
7/30/13,0.403741747
7/31/13,4.1339612
8/1/13,0.275923103
8/2/13,3.08386278
8/3/13,14.1522589
8/4/13,0.00172294
8/5/13,0.930646598
8/6/13,0.474709898
8/7/13,0.210116118
8/8/13,2.76690769
8/9/13,1.1351124
8/10/13,0.129379004
8/11/13,0.029150561
8/12/13,0.591404498
8/13/13,0.650153697
8/14/13,0.002479395
8/15/13,0.048256487
8/16/13,1.49586606
8/17/13,0.388356566
8/18/13,0.077237718
8/19/13,0.038695395
8/20/13,0.001391371
8/21/13,12.008563
8/22/13,8.01829815
8/23/13,0.92982161
8/24/13,0.000430655
8/25/13,0.001268321
8/26/13,0.09266267
8/27/13,1.63454008
8/28/13,6.53741312
8/29/13,0.004045963
8/30/13,0.000915512
8/31/13,9.01760578
9/1/13,1.33860111
9/2/13,0
9/3/13,0.001019753
9/4/13,0.000561653
9/5/13,0.004755164
9/6/13,0.013118057
9/7/13,0.209938198
9/8/13,0.184351936
9/9/13,0.407423735
9/10/13,0.34853816
9/11/13,0.441923052
9/12/13,14.5945292
9/13/13,0.644948125
9/14/13,0.000439501
9/15/13,1.35565794
9/16/13,7.02823353
9/17/13,0.045118868
9/18/13,0.206706673
9/19/13,7.89487648
9/20/13,13.3248539
9/21/13,32.9313126
9/22/13,0
9/23/13,0
9/24/13,0
9/25/13,0.432847708
9/26/13,0
9/27/13,0
9/28/13,0
9/29/13,3.47011614
9/30/13,0
10/1/13,0
10/2/13,0.001138761
10/3/13,3.54941773
10/4/13,4.13254499
10/5/13,7.40110636
10/6/13,41.6408463
10/7/13,3.98661089
10/8/13,0.001633441
10/9/13,0
10/10/13,0
10/11/13,0
10/12/13,0.003727042
10/13/13,0.023197686
10/14/13,0
10/15/13,3.91304541
10/16/13,3.57475305
10/17/13,3.54114676
10/18/13,0.005816883
10/19/13,4.74472332
10/20/13,0.054755997
10/21/13,1.26451421
10/22/13,1.17673552
10/23/13,2.04308462
10/24/13,0.008838436
10/25/13,0
10/26/13,0.018001337
10/27/13,0.003234445
10/28/13,0.003019253
10/29/13,0.430956393
10/30/13,0.085411087
10/31/13,31.664341
11/1/13,2.72639036
11/2/13,0.12681137
11/3/13,4.70E-05
11/4/13,0.236536101
11/5/13,1.29403508
11/6/13,2.70153666
11/7/13,2.13023663
11/8/13,0
11/9/13,0.035293773
11/10/13,1.93E-05
11/11/13,0.020552695
11/12/13,0.219051182
11/13/13,0
11/14/13,0
11/15/13,0.448459864
11/16/13,0.039823871
11/17/13,33.9644394
11/18/13,0.013226286
11/19/13,0.006513685
11/20/13,0.00031926
11/21/13,6.48184681
11/22/13,0.5507195
11/23/13,0.001367944
11/24/13,0
11/25/13,0.025056422
11/26/13,0.247823849
11/27/13,0.024144668
11/28/13,0
11/29/13,0
11/30/13,0.285354763
12/1/13,0.000657742
12/2/13,0.214479893
12/3/13,0.50510937
12/4/13,0.079735078
12/5/13,1.38760066
12/6/13,12.2101307
12/7/13,0.694050729
12/8/13,5.44630432
12/9/13,3.90993214
12/10/13,11.3337994
12/11/13,0.0068116
12/12/13,0.872476339
12/13/13,0.024148418
12/14/13,14.4168549
12/15/13,0
12/16/13,0.01961186
12/17/13,1.53187644
12/18/13,0
12/19/13,5.15073586
12/20/13,3.38095951
12/21/13,12.6371984
12/22/13,12.7485657
12/23/13,0.272458315
12/24/13,0
12/25/13,0.175510198
12/26/13,0.001505884
12/27/13,6.61E-05
12/28/13,0.019638099
12/29/13,4.65751219
12/30/13,0
12/31/13,0.000156592
1/1/14,0.134329051
1/2/14,0.084619217
1/3/14,0
1/4/14,3.13200307
1/5/14,0.626265705
1/6/14,0.522843838
1/7/14,0
1/8/14,0.394905299
1/9/14,2.81046033
1/10/14,3.56886387
1/11/14,5.56743717
1/12/14,2.16E-06
1/13/14,6.57864141
1/14/14,0.174043611
1/15/14,0.288640559
1/16/14,0.830731332
1/17/14,0.068408921
1/18/14,6.77055645
1/19/14,2.95964861
1/20/14,0.179165453
1/21/14,0.091765255
1/22/14,0.045250531
1/23/14,0
1/24/14,0.299388587
1/25/14,3.21492219
1/26/14,0.210745215
1/27/14,4.10338736
1/28/14,0.529738247
1/29/14,0.001288969
1/30/14,3.74157572
1/31/14,6.86423445
2/1/14,6.50378656
2/2/14,11.7235413
2/3/14,3.52226305
2/4/14,7.0538888
2/5/14,1.25160098
2/6/14,0.000115815
2/7/14,0
2/8/14,0.654215991
2/9/14,1.61822271
2/10/14,3.42249966
2/11/14,0
2/12/14,0.002046154
2/13/14,0.022459365
2/14/14,0.309865981
2/15/14,3.31724691
2/16/14,0.544929981
2/17/14,12.5431042
2/18/14,0.072248615
2/19/14,0.758311629
2/20/14,7.72692442
2/21/14,7.35709572
2/22/14,0.263133079
2/23/14,1.03149664
2/24/14,0
2/25/14,1.00370157
2/26/14,0.277241617
2/27/14,0
2/28/14,0
3/1/14,0.033339113
3/2/14,0.65241009
3/3/14,1.3047936
3/4/14,4.14721537
3/5/14,0.022865597
3/6/14,2.29308367
3/7/14,0
3/8/14,2.15452027
3/9/14,0.023019046
3/10/14,0.791932762
3/11/14,2.60659742
3/12/14,10.0478668
3/13/14,0
3/14/14,0.301501513
3/15/14,0.018200653
3/16/14,0.784154415
3/17/14,0
3/18/14,0.080150679
3/19/14,1.58639228
3/20/14,0
3/21/14,0.0513408
3/22/14,0.288184047
3/23/14,0.298960358
3/24/14,0.013207402
3/25/14,0.003943633
3/26/14,0
3/27/14,0.899197817
3/28/14,8.7011261
3/29/14,12.3811455
3/30/14,0.046291627
3/31/14,0.061900131
4/1/14,2.85197544
4/2/14,4.96894693
4/3/14,46.297287
4/4/14,14.3690386
4/5/14,0
4/6/14,0.074664243
4/7/14,6.32576132
4/8/14,1.47592711
4/9/14,0.002186352
4/10/14,0.12993075
4/11/14,6.22214079
4/12/14,0.057367407
4/13/14,0.522277117
4/14/14,6.04837132
4/15/14,5.13919687
4/16/14,0.001266976
4/17/14,0.018022681
4/18/14,0.046120428
4/19/14,0.000677752
4/20/14,0.004766553
4/21/14,1.33722973
4/22/14,1.58151853
4/23/14,0
4/24/14,0.291975796
4/25/14,5.13848495
4/26/14,0.131858394
4/27/14,0.132356346
4/28/14,16.9202728
4/29/14,7.44851112
4/30/14,9.61428642
5/1/14,0.074952275
5/2/14,0.003393484
5/3/14,0.051652044
5/4/14,0.607028782
5/5/14,3.87338543
5/6/14,0.00286168
5/7/14,0.166806787
5/8/14,0.038332138
5/9/14,2.08191729
5/10/14,2.60101295
5/11/14,3.04787326
5/12/14,25.3132114
5/13/14,0.59888041
5/14/14,6.91108894
5/15/14,13.5790386
5/16/14,0.031401251
5/17/14,0.172777832
5/18/14,0.00052771
5/19/14,0.003090157
5/20/14,1.08159602
5/21/14,31.4874172
5/22/14,1.39282811
5/23/14,0.036817167
5/24/14,0.000257566
5/25/14,0.105937913
5/26/14,0.120347574
5/27/14,0.81376189
5/28/14,7.2938838
5/29/14,1.13693976
5/30/14,0
5/31/14,0.005010665
6/1/14,0.00189897
6/2/14,2.58893561
6/3/14,7.41507339
6/4/14,18.3575802
6/5/14,0.002400567
6/6/14,0.000213864
6/7/14,0.029197253
6/8/14,17.6680984
6/9/14,0.232512504
6/10/14,5.48263454
6/11/14,10.7558565
6/12/14,0.163811073
6/13/14,1.65640795
6/14/14,0
6/15/14,0
6/16/14,0.624595761
6/17/14,0.217485473
6/18/14,15.4405651
6/19/14,27.400856
6/20/14,4.79391527
6/21/14,2.47637272
6/22/14,2.77655935
6/23/14,4.97103262
6/24/14,19.552969
6/25/14,4.98526525
6/26/14,0.479589373
6/27/14,0.00087356
6/28/14,1.2604301
6/29/14,1.29238427
6/30/14,0.247554064
7/1/14,7.59440804
7/2/14,4.27953672
7/3/14,0.068980269
7/4/14,0.000280131
7/5/14,0.004541698
7/6/14,1.71109295
7/7/14,4.83939171
7/8/14,13.4320116
7/9/14,0.037425149
7/10/14,0.010638158
7/11/14,0.000696639
7/12/14,0.635311127
7/13/14,2.18055153
7/14/14,8.43165588
7/15/14,2.54698062
7/16/14,0.003471793
7/17/14,0.004742165
7/18/14,1.50165713
7/19/14,2.59685969
7/20/14,0
7/21/14,0
7/22/14,0.000557953
7/23/14,15.6474972
7/24/14,0.006134062
7/25/14,0.53048104
7/26/14,6.27033424
7/27/14,11.3246307
7/28/14,0.327589273
7/29/14,0.522481799
7/30/14,0.929801524
7/31/14,1.00167143
8/1/14,0.062936537
8/2/14,13.3206472
8/3/14,0.014964801
8/4/14,0.313931197
8/5/14,0.917336106
8/6/14,0.871886671
8/7/14,0.040034641
8/8/14,0.31775257
8/9/14,0.023570161
8/10/14,0.012900859
8/11/14,16.2968674
8/12/14,0.6401577
8/13/14,0.005954548
8/14/14,0.070599541
8/15/14,0.002103864
8/16/14,0.209388822
8/17/14,0.061315958
8/18/14,0.000953456
8/19/14,1.34131408
8/20/14,7.43175697
8/21/14,16.9543705
8/22/14,26.4574127
8/23/14,0.08802145
8/24/14,0.06318228
8/25/14,0.035894837
8/26/14,4.89783478
8/27/14,0.374650508
8/28/14,0.058371395
8/29/14,0.113401093
8/30/14,2.8484261
8/31/14,4.6488595
9/1/14,0.339845687
9/2/14,10.9168987
9/3/14,0.001025038
9/4/14,0.038667891
9/5/14,0.29706338
9/6/14,7.00538731
9/7/14,0.000118145
9/8/14,0.000391534
9/9/14,0.040230554
9/10/14,13.0038671
9/11/14,13.0776281
9/12/14,0.010068886
9/13/14,0.108266965
9/14/14,0
9/15/14,5.58358765
9/16/14,0.162592664
9/17/14,0.001890125
9/18/14,0.010344358
9/19/14,0.000269411
9/20/14,0.49426347
9/21/14,6.04666376
9/22/14,2.19E-06
9/23/14,0.001426493
9/24/14,0
9/25/14,0.00030577
9/26/14,0
9/27/14,0
9/28/14,0.101402767
9/29/14,0.002363699
9/30/14,2.32446575
10/1/14,0.000252156
10/2/14,0.23489733
10/3/14,5.0913682
10/4/14,0.426747233
10/5/14,0.187771603
10/6/14,1.81318939
10/7/14,5.49694014
10/8/14,0.341498882
10/9/14,3.57751274
10/10/14,2.60153174
10/11/14,0.525182307
10/12/14,0.000218877
10/13/14,5.11477375
10/14/14,8.98792648
10/15/14,0.420290262
10/16/14,0.239108831
10/17/14,0.013339834
10/18/14,3.16596127
10/19/14,0.007872864
10/20/14,8.26288128
10/21/14,0.004056943
10/22/14,5.69E-05
10/23/14,4.98E-05
10/24/14,0.101831697
10/25/14,0.026567934
10/26/14,0.003893717
10/27/14,0.365102828
10/28/14,6.85980701
10/29/14,0.263816655
10/30/14,0.013308929
10/31/14,0.586587489
11/1/14,0.399612755
11/2/14,0
11/3/14,0.160474658
11/4/14,3.9257822
11/5/14,2.42877388
11/6/14,8.3977108
11/7/14,0.026263867
11/8/14,1.34116602
11/9/14,0.209067032
11/10/14,1.06567526
11/11/14,0.416280866
11/12/14,0.009731798
11/13/14,0.006662103
11/14/14,0
11/15/14,0.008022978
11/16/14,1.83420539
11/17/14,6.98872757
11/18/14,0
11/19/14,0.002834293
11/20/14,0
11/21/14,0
11/22/14,2.70484352
11/23/14,6.22560263
11/24/14,12.0095358
11/25/14,1.75E-05
11/26/14,0.003984157
11/27/14,1.25347984
11/28/14,0.783949375
11/29/14,2.01454067
11/30/14,0.012206072
12/1/14,0.985960186
12/2/14,0.006414989
12/3/14,1.2667563
12/4/14,8.674119
12/5/14,4.72167444
12/6/14,25.3251915
12/7/14,0.222077563
12/8/14,2.62339044
12/9/14,0.029485384
12/10/14,0
12/11/14,0
12/12/14,0
12/13/14,0.000423554
12/14/14,0
12/15/14,0.154237524
12/16/14,2.52093554
12/17/14,0.000305464
12/18/14,0.024415966
12/19/14,0
12/20/14,0.296681792
12/21/14,0
12/22/14,0.458256155
12/23/14,0.91424346
12/24/14,5.26473379
12/25/14,1.19E-05
12/26/14,0.004090176
12/27/14,0.048725341
12/28/14,5.94072008
12/29/14,0.014970778
12/30/14,0.011850709
12/31/14,7.24E-05
1/1/15,0.001978854
1/2/15,0.319835842
1/3/15,42.0409241
1/4/15,3.29639316
1/5/15,0.247001305
1/6/15,7.65991449
1/7/15,5.19873762
1/8/15,3.86569309
1/9/15,0.732263327
1/10/15,0
1/11/15,2.37246323
1/12/15,3.929564
1/13/15,0.002328567
1/14/15,7.86E-05
1/15/15,0
1/16/15,0.036978927
1/17/15,0.940103769
1/18/15,0.758704424
1/19/15,0.022777984
1/20/15,1.24352622
1/21/15,0.40194869
1/22/15,0
1/23/15,0.002020363
1/24/15,0.027026977
1/25/15,3.93689156
1/26/15,0.590089917
1/27/15,0.078433961
1/28/15,0.02349567
1/29/15,2.93117571
1/30/15,0
1/31/15,0.042825632
2/1/15,3.01713061
2/2/15,0.887265325
2/3/15,0.106397353
2/4/15,0.996947825
2/5/15,0.234301269
2/6/15,1.14673316
2/7/15,2.69889903
2/8/15,4.23531294
2/9/15,0.002694743
2/10/15,0.001868173
2/11/15,0.556263745
2/12/15,0
2/13/15,6.28E-06
2/14/15,0.061198775
2/15/15,0
2/16/15,15.5927372
2/17/15,0.195751742
2/18/15,1.37979412
2/19/15,0
2/20/15,0
2/21/15,2.70970464
2/22/15,0.499277771
2/23/15,0
2/24/15,0.395271063
2/25/15,0.002708252
2/26/15,0.293570787
2/27/15,0
2/28/15,0.013124897
3/1/15,1.57283926
3/2/15,1.61147165
3/3/15,5.17730093
3/4/15,23.498579
3/5/15,7.81027317
3/6/15,0
3/7/15,0.010776686
3/8/15,0
3/9/15,0.026919391
3/10/15,14.5804081
3/11/15,1.05530751
3/12/15,0.032378364
3/13/15,10.5619955
3/14/15,6.30242252
3/15/15,0.00029051
3/16/15,1.18854308
3/17/15,0.314030826
3/18/15,0.00109406
3/19/15,0.172775939
3/20/15,0.705794513
3/21/15,0
3/22/15,0.000275483
3/23/15,0.886705101
3/24/15,0.047683217
3/25/15,5.18891478
3/26/15,4.50572395
3/27/15,0
3/28/15,0
3/29/15,0.547624707
3/30/15,0.346047461
3/31/15,0.218531847
4/1/15,0.005945762
4/2/15,9.48874187
4/3/15,8.15406513
4/4/15,0.006495968
4/5/15,0.025634415
4/6/15,1.14435375
4/7/15,4.72140217
4/8/15,16.3059959
4/9/15,19.8804531
4/10/15,14.0516043
4/11/15,0
4/12/15,0.098901905
4/13/15,1.38480949
4/14/15,1.16062748
4/15/15,0.035044625
4/16/15,0.41480267
4/17/15,0.006464092
4/18/15,0.012644474
4/19/15,10.3895435
4/20/15,4.19867468
4/21/15,0.027535165
4/22/15,0.56767571
4/23/15,0.009678077
4/24/15,0.013566534
4/25/15,9.95215702
4/26/15,0.347600102
4/27/15,0.071040481
4/28/15,0.084928036
4/29/15,0.045851626
4/30/15,0.876057684
5/1/15,0.091676742
5/2/15,0.048956938
5/3/15,0.079387367
5/4/15,4.05131865
5/5/15,16.3744831
5/6/15,0.034473486
5/7/15,0.090080842
5/8/15,0.017065406
5/9/15,3.86138654
5/10/15,1.37990868
5/11/15,6.49181128
5/12/15,0.370198697
5/13/15,0.02094752
5/14/15,0.627181351
5/15/15,7.40429831
5/16/15,12.7271776
5/17/15,3.05147648
5/18/15,2.1529541
5/19/15,0.236812353
5/20/15,1.0798986
5/21/15,0.26027748
5/22/15,0.029970733
5/23/15,0.001622836
5/24/15,0.155159563
5/25/15,0.977970183
5/26/15,9.76801395
5/27/15,3.43534088
5/28/15,0.435845435
5/29/15,1.31396616
5/30/15,8.06593609
5/31/15,12.3329487
6/1/15,5.98090744
6/2/15,0.726031005
6/3/15,0.002793332
6/4/15,0.00079488
6/5/15,1.23625064
6/6/15,0.043236475
6/7/15,1.12169337
6/8/15,25.5782261
6/9/15,16.3874397
6/10/15,1.19546139
6/11/15,2.95163131
6/12/15,12.8959341
6/13/15,13.969059
6/14/15,13.7761669
6/15/15,13.2243958
6/16/15,21.9292221
6/17/15,28.9341488
6/18/15,6.75320387
6/19/15,2.47813153
6/20/15,4.96845293
6/21/15,4.9613452
6/22/15,0.354564399
6/23/15,2.16772866
6/24/15,0.406100452
6/25/15,11.8383226
6/26/15,21.3377953
6/27/15,6.20324421
6/28/15,1.04079032
6/29/15,13.2703772
6/30/15,2.16963172
7/1/15,0.382291913
7/2/15,0.025431467
7/3/15,0.45913592
7/4/15,0.005252414
7/5/15,0.157576352
7/6/15,0.227227643
7/7/15,9.84645176
7/8/15,2.6761508
7/9/15,7.21769953
7/10/15,0.918411314
7/11/15,0.002966143
7/12/15,6.85149336
7/13/15,18.0256634
7/14/15,39.7102394
7/15/15,0.001422865
7/16/15,0.055885002
7/17/15,18.2665386
7/18/15,6.23751688
7/19/15,19.0849686
7/20/15,1.82281852
7/21/15,0.281581312
7/22/15,0.029243862
7/23/15,0.038070627
7/24/15,0
7/25/15,0.008703481
7/26/15,0.863196731
7/27/15,1.55059433
7/28/15,0.001585445
7/29/15,3.33837461
7/30/15,0.410771132
7/31/15,0.497968107
8/1/15,0.001047705
8/2/15,0.00066218
8/3/15,40.7606659
8/4/15,0.001879808
8/5/15,0.00021571
8/6/15,1.98601711
8/7/15,0.013168508
8/8/15,0.0172392
8/9/15,1.22203672
8/10/15,4.94076824
8/11/15,0.026401185
8/12/15,2.33E-08
8/13/15,0.001736482
8/14/15,0.041548204
8/15/15,7.99452639
8/16/15,0.000440059
8/17/15,3.24105763
8/18/15,0.328227252
8/19/15,0.38477093
8/20/15,2.95659971
8/21/15,0
8/22/15,0.003030247
8/23/15,1.5880332
8/24/15,2.92372894
8/25/15,2.92E-05
8/26/15,0.008001283
8/27/15,0.001405901
8/28/15,0.012269077
8/29/15,0.701952755
8/30/15,2.31525731
8/31/15,0.174338832
9/1/15,0.931192577
9/2/15,1.18527186
9/3/15,2.16309428
9/4/15,19.4883461
9/5/15,4.92294216
9/6/15,0.041728564
9/7/15,0.000602496
9/8/15,0.000217997
9/9/15,1.75205231
9/10/15,0.262912929
9/11/15,9.52319431
9/12/15,1.13071179
9/13/15,0.001553541
9/14/15,0.001179558
9/15/15,0
9/16/15,0
9/17/15,0
9/18/15,1.23797488
9/19/15,11.4975872
9/20/15,0
9/21/15,0
9/22/15,0
9/23/15,0
9/24/15,0
9/25/15,0.061882891
9/26/15,2.07742763
9/27/15,0.080926836
9/28/15,0.01753718
9/29/15,5.97399902
9/30/15,1.40766311
10/1/15,0.223125845
10/2/15,1.01449418
10/3/15,3.07787204
10/4/15,0.362988114
10/5/15,0.002014116
10/6/15,0.017234122
10/7/15,0.000348811
10/8/15,0.011649611
10/9/15,0.21047838
10/10/15,0.001082154
10/11/15,0.005272252
10/12/15,0.450942487
10/13/15,0.399444014
10/14/15,0.00525129
10/15/15,0.002986624
10/16/15,0.015492939
10/17/15,0.000766092
10/18/15,0
10/19/15,0.003462645
10/20/15,0.019256068
10/21/15,0.096656539
10/22/15,0.276816338
10/23/15,0.037197325
10/24/15,4.30755711
10/25/15,0.056546442
10/26/15,0.000137323
10/27/15,3.20532155
10/28/15,50.778019
10/29/15,0.027184358
10/30/15,0
10/31/15,0.838147044
11/1/15,0.570483983
11/2/15,0.000939818
11/3/15,1.55E-05
11/4/15,0
11/5/15,0.631065667
11/6/15,11.6589594
11/7/15,0.096638382
11/8/15,0
11/9/15,0.275915861
11/10/15,0.347107053
11/11/15,8.27E-05
11/12/15,2.92201018
11/13/15,0
11/14/15,0
11/15/15,0
11/16/15,0.207526952
11/17/15,0.524754167
11/18/15,18.0803223
11/19/15,3.19065523
11/20/15,0.000368382
11/21/15,1.23270071
11/22/15,6.17E-05
11/23/15,0
11/24/15,0
11/25/15,0
11/26/15,0.020982359
11/27/15,12.745162
11/28/15,3.90450072
11/29/15,0.416636825
11/30/15,0.029566735
12/1/15,0.368385285
12/2/15,0.007195397
12/3/15,0
12/4/15,0
12/5/15,0
12/6/15,0.001360494
12/7/15,0.000176145
12/8/15,0.003597548
12/9/15,0.00045363
12/10/15,0.053939365
12/11/15,0.007536306
12/12/15,0.051828157
12/13/15,2.57405972
12/14/15,16.7604771
12/15/15,0.000448957
12/16/15,0.178632095
12/17/15,0.00254355
12/18/15,0
12/19/15,0
12/20/15,0.137149617
12/21/15,9.44075775
12/22/15,1.65183318
12/23/15,4.45659924
12/24/15,20.1015263
12/25/15,0.248358771
12/26/15,11.639657
12/27/15,36.1361237
12/28/15,22.816412
12/29/15,0.302067101
12/30/15,1.56655371
12/31/15,0
1/1/16,2.95E-05
1/2/16,0.001292072
1/3/16,0
1/4/16,0.000548645
1/5/16,0.000270006
1/6/16,0.024897348
1/7/16,0.008419136
1/8/16,2.85018897
1/9/16,0.524832904
1/10/16,17.1335602
1/11/16,0.053571276
1/12/16,0.466753125
1/13/16,0.042008869
1/14/16,2.54430604
1/15/16,12.9628
1/16/16,0.040502898
1/17/16,1.96967006
1/18/16,0
1/19/16,0
1/20/16,1.67238474
1/21/16,1.28198993
1/22/16,2.55511165
1/23/16,1.23260653
1/24/16,0.003295073
1/25/16,0.62711376
1/26/16,1.06125963
1/27/16,0
1/28/16,0.010223418
1/29/16,0
1/30/16,0.210509747
1/31/16,2.45808578
2/1/16,0.072132066
2/2/16,1.7328043
2/3/16,43.7160416
2/4/16,0
2/5/16,0
2/6/16,0.002728893
2/7/16,0.057980478
2/8/16,0.342011511
2/9/16,0.089093156
2/10/16,0.024184922
2/11/16,0.010013532
2/12/16,0.031588193
2/13/16,0
2/14/16,9.51217365
2/15/16,2.68997502
2/16/16,6.71097851
2/17/16,0.00328324
2/18/16,0.687898338
2/19/16,0.452706397
2/20/16,0
2/21/16,0.031231064
2/22/16,0.000335891
2/23/16,0.001419635
2/24/16,20.6169453
2/25/16,0.546862125
2/26/16,0.006208008
2/27/16,0.014381166
2/28/16,0.037391696
2/29/16,2.28035688
3/1/16,13.8633118
3/2/16,0.00139003
3/3/16,0.008400035
3/4/16,0.182432562
3/5/16,0.322670311
3/6/16,0.001820217
3/7/16,1.50872803
3/8/16,1.7654376
3/9/16,5.19695997
3/10/16,38.1395264
3/11/16,1.95413125
3/12/16,0.32661891
3/13/16,16.1430893
3/14/16,7.75681639
3/15/16,1.59642422
3/16/16,0.630273104
3/17/16,0.008014781
3/18/16,0.034213111
3/19/16,0.384214938
3/20/16,0
3/21/16,0.01061326
3/22/16,0.155421436
3/23/16,1.67736578
3/24/16,10.1617317
3/25/16,0.268850595
3/26/16,0.002430768
3/27/16,0.437194109
3/28/16,11.6546831
3/29/16,0
3/30/16,0.622115254
3/31/16,21.7196884
4/1/16,3.65305686
4/2/16,0.380803734
4/3/16,0.011843542
4/4/16,0.998680234
4/5/16,0.002754071
4/6/16,2.38924694
4/7/16,4.25392628
4/8/16,0.408305556
4/9/16,0.033788674
4/10/16,1.21458077
4/11/16,18.1535969
4/12/16,0.212273598
4/13/16,0
4/14/16,0
4/15/16,0
4/16/16,0
4/17/16,0
4/18/16,0
4/19/16,0.100047722
4/20/16,0.05956687
4/21/16,19.526741
4/22/16,2.20472646
4/23/16,0.023056535
4/24/16,0
4/25/16,0.006846368
4/26/16,4.19330263
4/27/16,0.419645578
4/28/16,11.5478649
4/29/16,0.092744462
4/30/16,13.6617117
5/1/16,1.32527149
5/2/16,11.3689089
5/3/16,0.046875589
5/4/16,0.366243869
5/5/16,0.424188405
5/6/16,0.000765822
5/7/16,0.477062285
5/8/16,0.426027417
5/9/16,2.84746838
5/10/16,10.3898792
5/11/16,0.444914013
5/12/16,2.85778952
5/13/16,6.13570213
5/14/16,6.09784794
5/15/16,0
5/16/16,0.007905454
5/17/16,5.00913858
5/18/16,5.46025896
5/19/16,0
5/20/16,5.62912321
5/21/16,4.89571381
5/22/16,0.013034751
5/23/16,0.009824147
5/24/16,0
5/25/16,0.108242504
5/26/16,0.251007646
5/27/16,0.422037661
5/28/16,1.9617126
5/29/16,2.09855604
5/30/16,0.271739662
5/31/16,0.016029399
6/1/16,2.12007356
6/2/16,0.881694138
6/3/16,0.110753991
6/4/16,15.5527077
6/5/16,3.50349164
6/6/16,0.735587358
6/7/16,0.01731867
6/8/16,0
6/9/16,0.21278888
6/10/16,4.67780447
6/11/16,0.001232214
6/12/16,0
6/13/16,0.006255173
6/14/16,2.67011237
6/15/16,17.0689316
6/16/16,1.29821789
6/17/16,0.000803631
6/18/16,0
6/19/16,0.114177071
6/20/16,5.03341913
6/21/16,2.34999681
6/22/16,2.16902852
6/23/16,29.5625973
6/24/16,0.000240424
6/25/16,0
6/26/16,4.70168591
6/27/16,9.11423683
6/28/16,0.022832738
6/29/16,0
6/30/16,0.004560825
7/1/16,1.67907166
7/2/16,0.069964647
7/3/16,4.88560867
7/4/16,1.42089045
7/5/16,0.003544688
7/6/16,2.92250276
7/7/16,0.144494191
7/8/16,1.40494752
7/9/16,1.36133885
7/10/16,0.000296962
7/11/16,0
7/12/16,0.011235911
7/13/16,3.33612442
7/14/16,9.35752678
7/15/16,0.001403342
7/16/16,0.010537685
7/17/16,0.186523497
7/18/16,23.9695816
7/19/16,0.005528396
7/20/16,0
7/21/16,4.33187962
7/22/16,3.43745518
7/23/16,0
7/24/16,1.41151547
7/25/16,0.288830638
7/26/16,0.861324251
7/27/16,0.000795531
7/28/16,0.399736434
7/29/16,3.91798568
7/30/16,2.15717554
7/31/16,0.073301911
8/1/16,0.025719946
8/2/16,0
8/3/16,0
8/4/16,0.009966681
8/5/16,0.110674702
8/6/16,0.00052985
8/7/16,0
8/8/16,0.046653412
8/9/16,0.246645406
8/10/16,3.41097498
8/11/16,1.12347269
8/12/16,1.00855839
8/13/16,14.7976665
8/14/16,14.9685974
8/15/16,22.1725407
8/16/16,9.52363014
8/17/16,2.69256997
8/18/16,2.35448647
8/19/16,1.98339403
8/20/16,7.78957987
8/21/16,1.77478635
8/22/16,0.00063358
8/23/16,0.001552646
8/24/16,3.53766775
8/25/16,9.27981853
8/26/16,0.45026347
8/27/16,10.0661554
8/28/16,3.23977757
8/29/16,4.12695169
8/30/16,1.39934552
8/31/16,9.74599648
9/1/16,0.100632958
9/2/16,0.000229091
9/3/16,0
9/4/16,0
9/5/16,0
9/6/16,0.001849772
9/7/16,0.01022758
9/8/16,4.48013639
9/9/16,4.69857359
9/10/16,12.8022289
9/11/16,0.170043916
9/12/16,0.000579492
9/13/16,0.004249279
9/14/16,3.79832482
9/15/16,0.012709856
9/16/16,0.79190433
9/17/16,13.2745953
9/18/16,0.043487161
9/19/16,0.00097212
9/20/16,0.001100617
9/21/16,0.002164603
9/22/16,0.002877155
9/23/16,0.051054213
9/24/16,0.001062604
9/25/16,8.15E-05
9/26/16,9.85955429
9/27/16,0.000138041
9/28/16,26.0376911
9/29/16,5.45947075
9/30/16,21.3879757
10/1/16,0.913496196
10/2/16,1.25996971
10/3/16,0
10/4/16,0.009830457
10/5/16,0.002094033
10/6/16,0.022175171
10/7/16,0
10/8/16,0
10/9/16,0
10/10/16,5.12E-05
10/11/16,0.054951303
10/12/16,0.320408583
10/13/16,0.898153543
10/14/16,0.006247819
10/15/16,0
10/16/16,2.30409789
10/17/16,0.051887631
10/18/16,0.00016923
10/19/16,2.62484717
10/20/16,34.7433853
10/21/16,3.82691789
10/22/16,0
10/23/16,0.004587702
10/24/16,0.003868792
10/25/16,0.478637785
10/26/16,2.292799
10/27/16,0.998857319
10/28/16,0.002803226
10/29/16,0.011452523
10/30/16,2.63362789
10/31/16,0.003498485
11/1/16,0.008775188
11/2/16,0.049740914
11/3/16,1.17423856
11/4/16,0.000519755
11/5/16,0.000280284
11/6/16,0
11/7/16,0
11/8/16,2.58657813
11/9/16,0.024037994
11/10/16,0.002905298
11/11/16,0.00032115
11/12/16,0
11/13/16,0.000195277
11/14/16,0.004209504
11/15/16,0.007454231
11/16/16,0.01035048
11/17/16,0.001421899
11/18/16,0.010426031
11/19/16,1.58213055
11/20/16,0
11/21/16,0
11/22/16,0.026288293
11/23/16,5.31624746
11/24/16,2.0777421
11/25/16,0.001047005
11/26/16,0.002282954
11/27/16,0.001804507
11/28/16,14.4076862
11/29/16,10.6844397
11/30/16,1.05672324
12/1/16,0.002561768
12/2/16,0
12/3/16,0
12/4/16,1.62131572
12/5/16,0.257741541
12/6/16,10.3097067
12/7/16,0.000522896
12/8/16,0.002008049
12/9/16,0.00509018
12/10/16,0.003332581
12/11/16,9.21574497
12/12/16,3.86412382
12/13/16,7.8506279
12/14/16,0.002878462
12/15/16,0
12/16/16,3.66184664
12/17/16,13.5438166
12/18/16,3.98953891
12/19/16,0.10569796
12/20/16,1.27383375
12/21/16,1.72678792
12/22/16,0.014742695
12/23/16,5.46401358
12/24/16,2.88607144
12/25/16,0
12/26/16,0.325974822
12/27/16,0.347176373
12/28/16,0
12/29/16,1.05179131
12/30/16,0
12/31/16,0.089875028
1/1/17,0.000360142
1/2/17,0.03671949
1/3/17,14.2741079
1/4/17,0.720551312
1/5/17,4.65762615
1/6/17,0.178714916
1/7/17,1.61577475
1/8/17,0
1/9/17,4.13837481
1/10/17,17.0281925
1/11/17,6.79698229
1/12/17,10.315134
1/13/17,2.74587202
1/14/17,16.1674404
1/15/17,1.54934871
1/16/17,2.19018245
1/17/17,11.75035
1/18/17,0.002159812
1/19/17,7.67593908
1/20/17,14.4170732
1/21/17,0.709110141
1/22/17,2.99276996
1/23/17,6.28820276
1/24/17,0.976693928
1/25/17,3.54709601
1/26/17,0.037229527
1/27/17,0.001068694
1/28/17,0.083827265
1/29/17,0.003905768
1/30/17,0.013704482
1/31/17,1.65786099
2/1/17,7.53824091
2/2/17,0.004978428
2/3/17,0.071100675
2/4/17,0.073536687
2/5/17,0.002979734
2/6/17,0.008389918
2/7/17,14.0241671
2/8/17,1.84488428
2/9/17,1.91853952
2/10/17,2.47801208
2/11/17,4.87098789
2/12/17,1.15078127
2/13/17,0
2/14/17,0.052234996
2/15/17,0
2/16/17,0
2/17/17,0.276026279
2/18/17,0.021078495
2/19/17,0.019297432
2/20/17,0.002243955
2/21/17,2.43406367
2/22/17,0.727555811
2/23/17,0.245158836
2/24/17,7.15107203
2/25/17,12.146656
2/26/17,0.001523913
2/27/17,0.000457606
2/28/17,1.3911171
3/1/17,39.8239059
3/2/17,0
3/3/17,0
3/4/17,0.002070618
3/5/17,0
3/6/17,3.4750886
3/7/17,8.44819069
3/8/17,0.00093261
3/9/17,0.171959907
3/10/17,1.46868742
3/11/17,0.018156625
3/12/17,8.51E-06
3/13/17,0.51687777
3/14/17,0.016935842
3/15/17,0
3/16/17,0
3/17/17,1.32087135
3/18/17,0.027726164
3/19/17,0
3/20/17,15.2199726
3/21/17,1.1687752
3/22/17,0.023416851
3/23/17,0.034926359
3/24/17,3.67037916
3/25/17,0.982563257
3/26/17,6.77455854
3/27/17,1.44259977
3/28/17,4.03672791
3/29/17,0.057511415
3/30/17,9.21429157
3/31/17,10.5174809
4/1/17,0.396791875
4/2/17,0.085484654
4/3/17,6.1277256
4/4/17,3.26783872
4/5/17,10.1763134
4/6/17,3.91263652
4/7/17,0.975417912
4/8/17,5.70E-05
4/9/17,0.024447018
4/10/17,1.83978736
4/11/17,5.55799341
4/12/17,0.615442574
4/13/17,0.375140965
4/14/17,0.383365124
4/15/17,0.687364519
4/16/17,0.220603213
4/17/17,0.860037327
4/18/17,0.024740513
4/19/17,1.86132896
4/20/17,2.4100275
4/21/17,1.48581445
4/22/17,0.807836533
4/23/17,0.021550672
4/24/17,0.00577011
4/25/17,0.002961495
4/26/17,0.009562165
4/27/17,1.09664285
4/28/17,10.564146
4/29/17,46.0390625
4/30/17,7.04580545
5/1/17,9.77145863
5/2/17,0.138137445
5/3/17,0.899021506
5/4/17,24.9988308
5/5/17,20.1695576
5/6/17,2.32762122
5/7/17,0.001026056
5/8/17,0
5/9/17,1.20889044
5/10/17,0.047070079
5/11/17,7.23900318
5/12/17,0.153271392
5/13/17,0.009050506
5/14/17,0.010728096
5/15/17,0.00328019
5/16/17,0.002926324
5/17/17,0.4006868
5/18/17,1.53302467
5/19/17,22.0592461
5/20/17,4.27392817
5/21/17,17.4008026
5/22/17,0.063050382
5/23/17,0.155352071
5/24/17,5.30421734
5/25/17,16.8708096
5/26/17,0.974423528
5/27/17,16.8393745
5/28/17,3.07867932
5/29/17,7.52168703
5/30/17,2.64991593
5/31/17,0.194565654
6/1/17,0.006392484
6/2/17,0
6/3/17,0.008025089
6/4/17,5.0305419
6/5/17,7.98538208
6/6/17,0.06907662
6/7/17,0.002823918
6/8/17,0
6/9/17,0.412777305
6/10/17,0.079242699
6/11/17,0.003279776
6/12/17,0
6/13/17,9.85807705
6/14/17,14.7307692
6/15/17,3.5864985
6/16/17,1.29436409
6/17/17,0.484845728
6/18/17,11.0885143
6/19/17,5.10170317
6/20/17,0.578892767
6/21/17,1.16043913
6/22/17,0.517535508
6/23/17,53.6636086
6/24/17,0.727344811
6/25/17,0.001177897
6/26/17,0.620855451
6/27/17,0.433122158
6/28/17,0.0684333
6/29/17,2.80826902
6/30/17,22.718504
7/1/17,10.5221548
7/2/17,0.009877552
7/3/17,0.779701471
7/4/17,1.36030817
7/5/17,0.013101106
7/6/17,8.80920029
7/7/17,21.9692993
7/8/17,0.03641345
7/9/17,0.002013844
7/10/17,14.0763159
7/11/17,22.299633
7/12/17,2.27672958
7/13/17,19.2220745
7/14/17,2.31152439
7/15/17,0
7/16/17,2.67916489
7/17/17,14.7912312
7/18/17,0.000155081
7/19/17,0
7/20/17,1.2885865
7/21/17,7.28160858
7/22/17,24.9254475
7/23/17,3.30459356
7/24/17,0.279568821
7/25/17,0.000269726
7/26/17,7.83E-05
7/27/17,1.13765538
7/28/17,0.023236534
7/29/17,0.000103695
7/30/17,0.000551322
7/31/17,0
8/1/17,0.371412903
8/2/17,1.1300602
8/3/17,0.638096631
8/4/17,11.8892717
8/5/17,0.020522982
8/6/17,1.58044136
8/7/17,0.35162288
8/8/17,0.034825325
8/9/17,0
8/10/17,0.015779184
8/11/17,5.33656073
8/12/17,3.31445336
8/13/17,6.71E-05
8/14/17,0.128650069
8/15/17,0.009040086
8/16/17,0
8/17/17,9.69106674
8/18/17,3.68E-06
8/19/17,0.981722772
8/20/17,0.011908752
8/21/17,3.77002525
8/22/17,2.51702452
8/23/17,0.002558854
8/24/17,0.001592207
8/25/17,0.000810148
8/26/17,0.001398327
8/27/17,0.280072868
8/28/17,4.83514977
8/29/17,15.7826939
8/30/17,0.010695022
8/31/17,0.060076021
9/1/17,4.40428782
9/2/17,2.20940018
9/3/17,0.125473723
9/4/17,0.6880458
9/5/17,26.2401142
9/6/17,0.269934058
9/7/17,0.264479756
9/8/17,0.021807615
9/9/17,0.002684072
9/10/17,0.00015466
9/11/17,0.040312931
9/12/17,1.9693687
9/13/17,2.68289471
9/14/17,1.91805327
9/15/17,0.002476742
9/16/17,0.007137587
9/17/17,0.006430384
9/18/17,0.525965154
9/19/17,6.72979641
9/20/17,0.069612838
9/21/17,0.326793551
9/22/17,0.00130212
9/23/17,0
9/24/17,0.00013705
9/25/17,0.003156445
9/26/17,0.001002913
9/27/17,0.002232909
9/28/17,0.000266
9/29/17,0.001752078
9/30/17,0
10/1/17,0.062683374
10/2/17,0.001763011
10/3/17,0.001198717
10/4/17,2.53261089
10/5/17,19.4807205
10/6/17,6.86146641
10/7/17,1.8853972
10/8/17,13.8121052
10/9/17,4.55507755
10/10/17,1.63565385
10/11/17,2.72579265
10/12/17,0.002229507
10/13/17,0
10/14/17,0.000368496
10/15/17,0.627288163
10/16/17,0.000113229
10/17/17,0.000988247
10/18/17,0
10/19/17,0
10/20/17,0.00155695
10/21/17,0.079466417
10/22/17,0.018289251
10/23/17,11.471591
10/24/17,2.6437664
10/25/17,0.550160766
10/26/17,0.032678783
10/27/17,2.35548711
10/28/17,11.736413
10/29/17,0.000971971
10/30/17,0.977392435
10/31/17,0
11/1/17,4.51487732
11/2/17,8.69500828
11/3/17,1.79727578
11/4/17,0.004799835
11/5/17,35.0641441
11/6/17,22.944643
11/7/17,1.00597548
11/8/17,0.031957701
11/9/17,0
11/10/17,0
11/11/17,0.330606639
11/12/17,0.503240824
11/13/17,1.12549269
11/14/17,0.009245897
11/15/17,8.34046459
11/16/17,0
11/17/17,0.031602025
11/18/17,63.7471886
11/19/17,1.49209332
11/20/17,0
11/21/17,0.615257204
11/22/17,1.50791276
11/23/17,0.048488729
11/24/17,0.059651319
11/25/17,0.592674196
11/26/17,0.0024972
11/27/17,0.079719506
11/28/17,0.03889104
11/29/17,0.001639633
11/30/17,0.723341644
12/1/17,0.000227331
12/2/17,0.003450156
12/3/17,0.000936718
12/4/17,0.941930652
12/5/17,6.62586689
12/6/17,0
12/7/17,0
12/8/17,0.001611456
12/9/17,0.005921551
12/10/17,0.040419024
12/11/17,0.680200517
12/12/17,0.022400612
12/13/17,1.3594507
12/14/17,0.01080036
12/15/17,1.3077997
12/16/17,0.043612801
12/17/17,2.20679784
12/18/17,0.000151774
12/19/17,0.069575675
12/20/17,0.001539665
12/21/17,0.004794372
12/22/17,0.019629492
12/23/17,12.6955748
12/24/17,0.140545323
12/25/17,0
12/26/17,7.57E-07
12/27/17,0.001079935
12/28/17,0.346233159
12/29/17,4.09374714
12/30/17,1.52450871
12/31/17,1.72193933
1/1/18,0
1/2/18,0
1/3/18,0.131790355
1/4/18,0
1/5/18,0
1/6/18,0
1/7/18,1.40072727
1/8/18,5.08337593
1/9/18,0.945441186
1/10/18,0.912842274
1/11/18,7.28072166
1/12/18,6.32303286
1/13/18,7.68581867
1/14/18,0
1/15/18,2.69366288
1/16/18,1.39454985
1/17/18,0
1/18/18,0
1/19/18,0
1/20/18,0.000145142
1/21/18,0.123554565
1/22/18,5.65346718
1/23/18,1.96554887
1/24/18,0.124716833
1/25/18,0
1/26/18,6.49E-06
1/27/18,13.622242
1/28/18,0.001686882
1/29/18,0.057338551
1/30/18,9.29E-05
1/31/18,0.467484802
2/1/18,0.678189278
2/2/18,0
2/3/18,0.008861086
2/4/18,0.783459187
2/5/18,0.036912806
2/6/18,0.146722749
2/7/18,3.56403518
2/8/18,0.00152615
2/9/18,0.886340797
2/10/18,10.4605999
2/11/18,11.0362902
2/12/18,0.326822758
2/13/18,0.000825095
2/14/18,0.977976084
2/15/18,8.44285488
2/16/18,18.7022495
2/17/18,12.5447197
2/18/18,0.255172253
2/19/18,5.53894758
2/20/18,8.84790516
2/21/18,0.829433918
2/22/18,13.8141479
2/23/18,9.7809124
2/24/18,19.7327385
2/25/18,21.9506378
2/26/18,0.01102702
2/27/18,0.000132284
2/28/18,1.09747303
3/1/18,18.5386238
3/2/18,0.001952613
3/3/18,0
3/4/18,0
3/5/18,0.010850088
3/6/18,0.15161784
3/7/18,0.78589195
3/8/18,0
3/9/18,0
3/10/18,0
3/11/18,0.016119478
3/12/18,0.02202772
3/13/18,0.007387362
3/14/18,0.000549707
3/15/18,0
3/16/18,0.0789546
3/17/18,1.95761967
3/18/18,0
3/19/18,0.023869293
3/20/18,0.751560509
3/21/18,3.3127439
3/22/18,0.647377968
3/23/18,0.002241723
3/24/18,5.85952711
3/25/18,0.02422528
3/26/18,0.045364521
3/27/18,18.7914505
3/28/18,11.1553764
3/29/18,19.3400555
3/30/18,4.66255951
3/31/18,1.49808455
4/1/18,0.616426706
4/2/18,1.17171669
4/3/18,41.9060287
4/4/18,7.02288389
4/5/18,0.033404
4/6/18,3.02161002
4/7/18,0.443097323
4/8/18,0.003828976
4/9/18,0.292818964
4/10/18,0.000590301
4/11/18,0.021417599
4/12/18,2.64613485
4/13/18,0.728339255
4/14/18,15.1192017
4/15/18,30.5646324
4/16/18,0.489484578
4/17/18,0.000176261
4/18/18,0.007993209
4/19/18,0.029942453
4/20/18,0
4/21/18,0.219600946
4/22/18,0.272558331
4/23/18,3.08541775
4/24/18,2.12879825
4/25/18,0.500372469
4/26/18,0.006666964
4/27/18,0.106167294
4/28/18,0.757176816
4/29/18,0
4/30/18,0
5/1/18,0.005942811
5/2/18,0.001519458
5/3/18,9.06900692
5/4/18,2.10174298
5/5/18,0.19814463
5/6/18,6.17184782
5/7/18,0.07269562
5/8/18,0.011014217
5/9/18,0.431000561
5/10/18,9.53929901
5/11/18,0.394594759
5/12/18,0.602994621
5/13/18,3.91751194
5/14/18,4.895504
5/15/18,3.77682877
5/16/18,1.00819886
5/17/18,0.336797923
5/18/18,5.91630507
5/19/18,7.01900291
5/20/18,0.054597966
5/21/18,6.46292448
5/22/18,10.5709286
5/23/18,0.003911191
5/24/18,0
5/25/18,0.002921775
5/26/18,4.78587341
5/27/18,0.439646512
5/28/18,0.027964296
5/29/18,0.2380023
5/30/18,3.49651337
5/31/18,3.49545741
6/1/18,1.3013767
6/2/18,0.19073011
6/3/18,0.000369204
6/4/18,0.000496442
6/5/18,18.6705036
6/6/18,0.005337343
6/7/18,0.418839902
6/8/18,12.3952179
6/9/18,23.5546551
6/10/18,4.16512823
6/11/18,5.3125205
6/12/18,0.207714081
6/13/18,2.69121099
6/14/18,0.002604939
6/15/18,0.06681674
6/16/18,0.310019851
6/17/18,1.0395323
6/18/18,0.000126987
6/19/18,15.5326204
6/20/18,3.17180657
6/21/18,21.5099525
6/22/18,7.94308567
6/23/18,4.0003109
6/24/18,0.012928699
6/25/18,0.159526899
6/26/18,11.1036215
6/27/18,6.002285
6/28/18,0.007223568
6/29/18,0.002766605
6/30/18,0.000196071
7/1/18,0.341195285
7/2/18,0.482184529
7/3/18,4.698596
7/4/18,6.60163975
7/5/18,7.20668125
7/6/18,0.005794062
7/7/18,0
7/8/18,0
7/9/18,0.008805607
7/10/18,3.74149823
7/11/18,0.014248701
7/12/18,0.065713897
7/13/18,0.030981427
7/14/18,0.103005916
7/15/18,1.12965238
7/16/18,3.81340599
7/17/18,0.392393947
7/18/18,0
7/19/18,0
7/20/18,30.3777313
7/21/18,3.40962958
7/22/18,0.880929172
7/23/18,0.11288552
7/24/18,0.005512169
7/25/18,0.000831033
7/26/18,2.05638313
7/27/18,1.60232425
7/28/18,0.008972244
7/29/18,1.02964485
7/30/18,10.4501286
7/31/18,8.98414135
8/1/18,1.2078023
8/2/18,4.42119551
8/3/18,0.262687802
8/4/18,0.343456924
8/5/18,0.025945045
8/6/18,0.250592232
8/7/18,21.9803257
8/8/18,8.94464207
8/9/18,0.054922536
8/10/18,2.1342864
8/11/18,4.99508333
8/12/18,3.12163448
8/13/18,0.104325615
8/14/18,0.00380124
8/15/18,3.62379193
8/16/18,10.0684834
8/17/18,9.45445633
8/18/18,0.425002992
8/19/18,0.00970353
8/20/18,4.26074743
8/21/18,11.679183
8/22/18,0.037345473
8/23/18,0.00013285
8/24/18,0.131187722
8/25/18,16.2969532
8/26/18,2.90230966
8/27/18,0.01106061
8/28/18,0.000428404
8/29/18,0.597048581
8/30/18,0.218701601
8/31/18,0.002044072
9/1/18,5.0455327
9/2/18,0.022960765
9/3/18,0.026358975
9/4/18,0.23666802
9/5/18,0.817942441
9/6/18,7.95704317
9/7/18,8.0856781
9/8/18,44.5762825
9/9/18,21.5041599
9/10/18,0.017206157
9/11/18,0.002655932
9/12/18,0.114006393
9/13/18,0.037546177
9/14/18,0
9/15/18,0
9/16/18,0
9/17/18,0.734282672
9/18/18,0.00239149
9/19/18,1.58430123
9/20/18,0.00880737
9/21/18,0.338433921
9/22/18,0.881479084
9/23/18,0.899289429
9/24/18,5.22397661
9/25/18,6.49185324
9/26/18,4.23241711
9/27/18,5.62674332
9/28/18,0.081137538
9/29/18,0.027426481
9/30/18,0.056793325
10/1/18,0.003124191
10/2/18,0.941239297
10/3/18,0.036439244
10/4/18,2.37976575
10/5/18,21.9421635
10/6/18,3.33222437
10/7/18,1.46406388
10/8/18,0.138583064
10/9/18,0.000979668
10/10/18,0.566975772
10/11/18,0.170766845
10/12/18,1.96831131
10/13/18,1.66426647
10/14/18,0.37143454
10/15/18,0.512421072
10/16/18,0.155085996
10/17/18,0.000168736
10/18/18,0
10/19/18,1.51159513
10/20/18,0.712783456
10/21/18,0.001980247
10/22/18,0.002292278
10/23/18,0
10/24/18,0
10/25/18,0.210248783
10/26/18,3.12945843
10/27/18,1.96410918
10/28/18,14.6473083
10/29/18,0.016611915
10/30/18,0.03940602
10/31/18,14.7193661
11/1/18,46.8535347
11/2/18,6.19733858
11/3/18,0.379918873
11/4/18,3.01973152
11/5/18,4.4260788
11/6/18,10.4653187
11/7/18,0
11/8/18,6.34E-06
11/9/18,2.26695061
11/10/18,0
11/11/18,0.002160374
11/12/18,0.236734733
11/13/18,0.148056462
11/14/18,0.091180265
11/15/18,18.8379383
11/16/18,0.129701674
11/17/18,0.009572953
11/18/18,0.207666963
11/19/18,1.09371471
11/20/18,0.459332138
11/21/18,0.00055463
11/22/18,0.00509017
11/23/18,0.042657983
11/24/18,11.0103874
11/25/18,0.615264356
11/26/18,17.0461102
11/27/18,0.015174499
11/28/18,1.30E-05
11/29/18,0.487850964
11/30/18,0.713510573
12/1/18,15.4041843
12/2/18,8.2724781
12/3/18,0.106956273
12/4/18,0
12/5/18,0.013519154
12/6/18,1.63916707
12/7/18,0
12/8/18,0.006563155
12/9/18,0.529574454
12/10/18,0
12/11/18,9.35E-06
12/12/18,1.77267122
12/13/18,0.014670042
12/14/18,2.09723377
12/15/18,14.519515
12/16/18,0.600291312
12/17/18,0.000156716
12/18/18,0
12/19/18,0.198179603
12/20/18,7.01436806
12/21/18,3.61500049
12/22/18,1.67E-05
12/23/18,0.826225817
12/24/18,0.007964643
12/25/18,0.212833196
12/26/18,0
12/27/18,4.19419861
12/28/18,12.3717728
12/29/18,0
12/30/18,1.01873171
12/31/18,28.701025
1/1/19,0.248604238
1/2/19,0.192713112
1/3/19,0.986610949
1/4/19,0.747794867
1/5/19,3.30202079
1/6/19,0.022278033
1/7/19,4.06717205
1/8/19,1.1645087
1/9/19,0
1/10/19,0
1/11/19,0
1/12/19,15.4464769
1/13/19,5.94898033
1/14/19,0
1/15/19,0
1/16/19,0
1/17/19,0.770833373
1/18/19,0.319343686
1/19/19,27.1790657
1/20/19,7.29937983
1/21/19,0.026349964
1/22/19,2.05304527
1/23/19,0.907283187
1/24/19,1.45426726
1/25/19,0
1/26/19,0.764453173
1/27/19,0.018057965
1/28/19,3.91938257
1/29/19,0.154965878
1/30/19,0.930195034
1/31/19,0.362580091
2/1/19,7.00598574
2/2/19,0.002218981
2/3/19,0.039561056
2/4/19,1.32331789
2/5/19,0.535379827
2/6/19,25.6779041
2/7/19,30.8090954
2/8/19,1.03615153
2/9/19,0
2/10/19,2.02425623
2/11/19,1.52509546
2/12/19,20.0955143
2/13/19,0.001357425
2/14/19,8.07060051
2/15/19,1.01224542
2/16/19,0.05441517
2/17/19,0.224186525
2/18/19,8.69E-05
2/19/19,0.370471686
2/20/19,5.34263372
2/21/19,0.613541305
2/22/19,5.51540232
2/23/19,16.4849949
2/24/19,6.07789516
2/25/19,0
2/26/19,0.012284298
2/27/19,0.004928735
2/28/19,0.096194543
3/1/19,0.118721634
3/2/19,0.064634465
3/3/19,2.68808508
3/4/19,5.89E-05
3/5/19,2.19E-05
3/6/19,6.33E-05
3/7/19,4.8936038
3/8/19,3.51283455
3/9/19,22.4465065
3/10/19,4.44834471
3/11/19,0.872873902
3/12/19,0.005236087
3/13/19,2.37823462
3/14/19,27.8562908
3/15/19,0.172756582
3/16/19,0
3/17/19,0.078079909
3/18/19,0
3/19/19,0.000776759
3/20/19,2.99115896
3/21/19,7.97620535
3/22/19,0
3/23/19,0
3/24/19,2.45059252
3/25/19,2.17673445
3/26/19,7.82E-05
3/27/19,0
3/28/19,2.30562019
3/29/19,10.8774281
3/30/19,10.1970701
3/31/19,1.62309921
4/1/19,0.000126438
4/2/19,0.004474621
4/3/19,0
4/4/19,0.948304474
4/5/19,3.45994163
4/6/19,0.017302528
4/7/19,0.562372804
4/8/19,2.34257817
4/9/19,0.010843513
4/10/19,0.137205392
4/11/19,0.683302939
4/12/19,3.79958773
4/13/19,0.125117093
4/14/19,20.5540428
4/15/19,0.046325985
4/16/19,0.260409862
4/17/19,1.16269767
4/18/19,5.90410662
4/19/19,9.074296
4/20/19,10.8899775
4/21/19,0.656548917
4/22/19,0.291519076
4/23/19,5.63647461
4/24/19,1.0440135
4/25/19,12.464941
4/26/19,31.660408
4/27/19,10.0843697
4/28/19,1.21746743
4/29/19,4.08297586
4/30/19,4.61434841
5/1/19,3.61302423
5/2/19,3.84881401
5/3/19,12.9603825
5/4/19,2.98050356
5/5/19,0.084198669
5/6/19,0.049146455
5/7/19,0.02091947
5/8/19,0.006939709
5/9/19,3.02439642
5/10/19,0.817601562
5/11/19,1.28598523
5/12/19,2.8671627
5/13/19,1.24055684
5/14/19,5.78E-05
5/15/19,7.92E-06
5/16/19,0.319602311
5/17/19,38.0232506
5/18/19,0.556434453
5/19/19,3.85922337
5/20/19,0.960190296
5/21/19,1.6800437
5/22/19,3.19716263
5/23/19,8.3198061
5/24/19,1.77591634
5/25/19,2.84847689
5/26/19,11.0672741
5/27/19,0.34838888
5/28/19,18.6354656
5/29/19,2.40216088
5/30/19,4.47878599
5/31/19,2.35828209
6/1/19,1.27369225
6/2/19,13.3151817
6/3/19,0.004195315
6/4/19,0.099072009
6/5/19,5.50601625
6/6/19,0.999592483
6/7/19,0.638878345
6/8/19,1.48005378
6/9/19,10.7196312
6/10/19,6.01722717
6/11/19,0
6/12/19,1.38623762
6/13/19,7.81467772
6/14/19,0.581605792
6/15/19,16.5808773
6/16/19,24.9526443
6/17/19,6.80091476
6/18/19,6.43403625
6/19/19,7.94079065
6/20/19,7.67989969
6/21/19,0.088213004
6/22/19,1.15717041
6/23/19,1.06683981
6/24/19,3.13878417
6/25/19,0.041190319
6/26/19,0.009562826
6/27/19,2.53193283
6/28/19,3.20106983
6/29/19,0.01085032
6/30/19,0.01857757
7/1/19,0.067007124
7/2/19,2.73286438
7/3/19,24.1945877
7/4/19,0.178997725
7/5/19,0.288248152
7/6/19,4.7466073
7/7/19,2.07746387
7/8/19,0
7/9/19,0
7/10/19,0.818613648
7/11/19,9.04694462
7/12/19,0.000817808
7/13/19,0.006611251
7/14/19,9.10320187
7/15/19,5.44131517
7/16/19,11.1610336
7/17/19,8.27123833
7/18/19,7.55665302
7/19/19,0.067234926
7/20/19,0.099341802
7/21/19,2.52240944
7/22/19,14.343029
7/23/19,0.043112736
7/24/19,0.125029996
7/25/19,0.006401884
7/26/19,0.000121808
7/27/19,0.00577943
7/28/19,0.029269064
7/29/19,2.18617463
7/30/19,2.22480679
7/31/19,0
8/1/19,0.002155956
8/2/19,4.14E-11
8/3/19,0.000144696
8/4/19,0.117510103
8/5/19,0.144384205
8/6/19,1.08862484
8/7/19,0.077848218
8/8/19,0.953285873
8/9/19,3.69662237
8/10/19,0.005997474
8/11/19,0.00865957
8/12/19,1.46960342
8/13/19,14.2328215
8/14/19,2.61365914
8/15/19,0.873181462
8/16/19,0.147765726
8/17/19,1.47442234
8/18/19,16.1745682
8/19/19,13.9933224
8/20/19,3.18366647
8/21/19,0.085609973
8/22/19,7.39913416
8/23/19,0.001764378
8/24/19,0
8/25/19,0.059117332
8/26/19,7.42853594
8/27/19,0.540326357
8/28/19,0.001226164
8/29/19,0
8/30/19,0.040848497
8/31/19,2.4608233
9/1/19,11.0227108
9/2/19,0
9/3/19,1.54217112
9/4/19,0.185204968
9/5/19,0
9/6/19,0.001260783
9/7/19,0.003157411
9/8/19,2.49695516
9/9/19,0.037246443
9/10/19,0
9/11/19,0.146789253
9/12/19,0.357237875
9/13/19,2.52406168
9/14/19,0.669836521
9/15/19,1.04966986
9/16/19,0.03079951
9/17/19,0
9/18/19,0.003798781
9/19/19,0.000609828
9/20/19,0.17566599
9/21/19,3.97056985
9/22/19,0.209749684
9/23/19,10.3922758
9/24/19,0.038048901
9/25/19,0.153180897
9/26/19,0.0074935
9/27/19,3.61778498
9/28/19,5.73796082
9/29/19,7.2060504
9/30/19,1.19265759
10/1/19,0.050238825
10/2/19,0.116277181
10/3/19,0.091475047
10/4/19,0.000137728
10/5/19,0
10/6/19,4.05931759
10/7/19,4.77731133
10/8/19,0.006232998
10/9/19,0
10/10/19,0.02627443
10/11/19,2.32728934
10/12/19,0.518152237
10/13/19,0
10/14/19,0.000874589
10/15/19,0.00359336
10/16/19,2.39458704
10/17/19,0.009270281
10/18/19,8.69E-05
10/19/19,0.001230649
10/20/19,0.006357149
10/21/19,10.4467287
10/22/19,1.78021693
10/23/19,0.003040313
10/24/19,0.135795474
10/25/19,0.492264062
10/26/19,17.3562145
10/27/19,0.147916019
10/28/19,0
10/29/19,0.000349149
10/30/19,20.01301
10/31/19,10.8124037
11/1/19,0.005849593
11/2/19,0.006718202
11/3/19,0.003195858
11/4/19,0.796713948
11/5/19,1.89340663
11/6/19,0.003633207
11/7/19,0.894374907
11/8/19,0
11/9/19,0.112944163
11/10/19,0.286319911
11/11/19,0.583224058
11/12/19,0.968541682
11/13/19,0.709788024
11/14/19,3.60881996
11/15/19,0
11/16/19,0.016190905
11/17/19,0.202390715
11/18/19,0.176981524
11/19/19,0.025071578
11/20/19,0.001454661
11/21/19,0.775334656
11/22/19,0.124911793
11/23/19,4.89154196
11/24/19,0.431922883
11/25/19,0.137026489
11/26/19,0.091989897
11/27/19,12.8406658
11/28/19,0.001183555
11/29/19,0.198621944
11/30/19,2.91102242
12/1/19,1.71993649
12/2/19,0.150400043
12/3/19,0.222549409
12/4/19,7.42E-06
12/5/19,0.002267863
12/6/19,0.312462926
12/7/19,0.002606262
12/8/19,0.057802558
12/9/19,15.5483084
12/10/19,0.139613375
12/11/19,0.346183449
12/12/19,0.296957523
12/13/19,0.40763399
12/14/19,4.54023504
12/15/19,0.248388082
12/16/19,2.42052174
12/17/19,0.634913921
12/18/19,0
12/19/19,0
12/20/19,1.37471724
12/21/19,2.51463819
12/22/19,0.004579783
12/23/19,0.011645333
12/24/19,0.010686384
12/25/19,0.346734911
12/26/19,0.523664534
12/27/19,0.10476996
12/28/19,0.058923159
12/29/19,22.5906544
12/30/19,21.7950325
12/31/19,0.015728165
1/1/20,0.140512973
1/2/20,0.483487129
1/3/20,10.2274656
1/4/20,0.487897724
1/5/20,0.020455219
1/6/20,0
1/7/20,0.016185401
1/8/20,0.101197086
1/9/20,0.285004348
1/10/20,29.9910164
1/11/20,24.2164249
1/12/20,2.4462564
1/13/20,0.290775657
1/14/20,0.005062473
1/15/20,0.004498554
1/16/20,0
1/17/20,0.389939368
1/18/20,25.9215336
1/19/20,0.206831619
1/20/20,4.40E-05
1/21/20,0.002051811
1/22/20,1.17180037
1/23/20,4.73395777
1/24/20,14.9598122
1/25/20,1.45478761
1/26/20,0.008779328
1/27/20,0.055200949
1/28/20,0.001054575
1/29/20,0.067702517
1/30/20,0.200337991
1/31/20,2.55788541
2/1/20,0.580727696
2/2/20,0.042805549
2/3/20,1.02880645
2/4/20,12.9889936
2/5/20,1.30876529
2/6/20,4.13202333
2/7/20,0.738644004
2/8/20,0.005934054
2/9/20,10.473587
2/10/20,4.54403639
2/11/20,0.100302532
2/12/20,5.89227676
2/13/20,6.63774586
2/14/20,0
2/15/20,0.807871878
2/16/20,0.601595163
2/17/20,0.315658063
2/18/20,6.70127058
2/19/20,0.002497447
2/20/20,0.006821879
2/21/20,8.85E-05
2/22/20,0
2/23/20,0.000763008
2/24/20,8.16976166
2/25/20,2.37772131
2/26/20,2.03690863
2/27/20,0.004185992
2/28/20,0
2/29/20,0
3/1/20,0.004325979
3/2/20,4.97846174
3/3/20,16.3883038
3/4/20,0.009478613
3/5/20,0.135564283
3/6/20,0.017712547
3/7/20,0
3/8/20,3.95E-05
3/9/20,1.45733023
3/10/20,7.07301521
3/11/20,0.042922452
3/12/20,0.783488154
3/13/20,6.92365265
3/14/20,6.34781408
3/15/20,0.063905388
3/16/20,0.052957088
3/17/20,0.044961758
3/18/20,17.069973
3/19/20,12.5917463
3/20/20,19.5982094
3/21/20,0.246979788
3/22/20,3.09073949
3/23/20,0.240876347
3/24/20,0.87065202
3/25/20,2.35898304
3/26/20,2.45656466
3/27/20,6.63008165
3/28/20,20.5106049
3/29/20,24.372797
3/30/20,0.063939787
3/31/20,0.082366131
4/1/20,0.089383669
4/2/20,0.001818883
4/3/20,0.004031322
4/4/20,0.06139623
4/5/20,0.168365777
4/6/20,0.064331941
4/7/20,19.7471218
4/8/20,13.880147
4/9/20,14.3809462
4/10/20,0.003640987
4/11/20,0.038923699
4/12/20,4.50805569
4/13/20,4.35320568
4/14/20,0.039024185
4/15/20,0.16826269
4/16/20,0
4/17/20,4.36424732
4/18/20,0.103452973
4/19/20,0.769886613
4/20/20,6.15E-05
4/21/20,0.315931052
4/22/20,0.104131736
4/23/20,6.23475218
4/24/20,0.629592419
4/25/20,0.440889686
4/26/20,11.8722048
4/27/20,0.039694089
4/28/20,2.30415869
4/29/20,4.79606199
4/30/20,0.798588753
5/1/20,0.060130615
5/2/20,0.171904966
5/3/20,11.0379553
5/4/20,0.527703047
5/5/20,1.10612392
5/6/20,0.053692941
5/7/20,0.004719625
5/8/20,1.52842999
5/9/20,0
5/10/20,6.10644007
5/11/20,0.006667316
5/12/20,0.002551464
5/13/20,0.040895369
5/14/20,7.70197344
5/15/20,6.54079199
5/16/20,0.134248331
5/17/20,2.22278357
5/18/20,23.3215466
5/19/20,40.8608093
5/20/20,2.12033153
5/21/20,1.82047486
5/22/20,1.13322353
5/23/20,1.67831552
5/24/20,0.187273145
5/25/20,4.49750662
5/26/20,1.29323816
5/27/20,0.693683982
5/28/20,2.18659353
5/29/20,6.44320202
5/30/20,3.04E-05
5/31/20,0
6/1/20,0.314762473
6/2/20,0.325860202
6/3/20,0.79480356
6/4/20,10.2498341
6/5/20,0.867390811
6/6/20,0.002144375
6/7/20,0.029055899
6/8/20,0.000113066
6/9/20,1.01640034
6/10/20,9.21006966
6/11/20,0
6/12/20,0.001275752
6/13/20,7.57906866
6/14/20,0.124649934
6/15/20,0.005545792
6/16/20,0.000319961
6/17/20,0.067508526
6/18/20,1.3984679
6/19/20,0.719195127
6/20/20,0.046552748
6/21/20,5.70197868
6/22/20,3.14668274
6/23/20,4.35388422
6/24/20,0.018083559
6/25/20,0.12044514
6/26/20,1.35327554
6/27/20,15.49825
6/28/20,0.134929761
6/29/20,0.439146817
6/30/20,0.414005727
7/1/20,0.000101404
7/2/20,0
7/3/20,0
7/4/20,0.736301064
7/5/20,0.436530828
7/6/20,0.831252217
7/7/20,5.22894478
7/8/20,2.16528916
7/9/20,3.37646675
7/10/20,3.76686192
7/11/20,0.049974095
7/12/20,8.60008049
7/13/20,0.044936534
7/14/20,0.000551508
7/15/20,0.064545929
7/16/20,1.84569085
7/17/20,0.000509207
7/18/20,0
7/19/20,5.7149682
7/20/20,0.4062455
7/21/20,7.47235537
7/22/20,17.5588112
7/23/20,3.60071206
7/24/20,0.000534894
7/25/20,0
7/26/20,0
7/27/20,19.588728
7/28/20,1.50649846
7/29/20,2.65E-05
7/30/20,8.26981163
7/31/20,0.777027726
8/1/20,6.87426567
8/2/20,3.7515707
8/3/20,6.00358534
8/4/20,0.914936721
8/5/20,0.000277023
8/6/20,0.010034195
8/7/20,0.000180242
8/8/20,0.000933836
8/9/20,0.001178113
8/10/20,0.272914261
8/11/20,11.4286432
8/12/20,0.113859087
8/13/20,0.001671999
8/14/20,3.95427179
8/15/20,10.016366
8/16/20,1.04804838
8/17/20,0.083584704
8/18/20,3.78516722
8/19/20,0
8/20/20,0
8/21/20,0.052502658
8/22/20,0.629710138
8/23/20,0.036628287
8/24/20,1.84332216
8/25/20,0.752583802
8/26/20,0.001581149
8/27/20,0.795225739
8/28/20,24.9543743
8/29/20,3.48599958
8/30/20,0.1700477
8/31/20,0
9/1/20,0.240140319
9/2/20,0.869505465
9/3/20,1.95094848
9/4/20,0.004385677
9/5/20,0
9/6/20,0.380653113
9/7/20,17.1794167
9/8/20,45.7386513
9/9/20,0
9/10/20,0.000638339
9/11/20,0.001548485
9/12/20,0.018716713
9/13/20,2.42943525
9/14/20,0
9/15/20,0
9/16/20,0.032125123
9/17/20,0.117551498
9/18/20,0
9/19/20,0
9/20/20,0
9/21/20,0
9/22/20,0.000684295
9/23/20,0.085814685
9/24/20,0.34373188
9/25/20,0
9/26/20,0.00446242
9/27/20,0.000265646
9/28/20,4.65759182
9/29/20,0.233862966
9/30/20,0.487697095
10/1/20,0.741585016
10/2/20,0.003390261
10/3/20,0.009905121
10/4/20,3.60931826
10/5/20,0
10/6/20,0.004743354
10/7/20,0.002247895
10/8/20,0.004285644
10/9/20,0.022598689
10/10/20,0.075493053
10/11/20,0.006359576
10/12/20,0.143836379
10/13/20,1.95184648
10/14/20,0.209694013
10/15/20,6.95182896
10/16/20,0.045130935
10/17/20,0.352053404
10/18/20,3.46116972
10/19/20,19.385334
10/20/20,2.02707505
10/21/20,30.2420082
10/22/20,0.663659275
10/23/20,5.7951107
10/24/20,1.31136358
10/25/20,0.037326299
10/26/20,1.32248127
10/27/20,4.37759542
10/28/20,0.134418473
10/29/20,69.2224503
10/30/20,0.211240917
10/31/20,0.000762227
11/1/20,0.550541878
11/2/20,0.003370678
11/3/20,0.045639291
11/4/20,0.00065801
11/5/20,0.2142286
11/6/20,0.017124264
11/7/20,0.000172968
11/8/20,0.003947408
11/9/20,0.003015185
11/10/20,0.04766497
11/11/20,2.2112143
11/12/20,0
11/13/20,0.006217096
11/14/20,0.239304394
11/15/20,11.2347498
11/16/20,0.003147916
11/17/20,0.005282948
11/18/20,0
11/19/20,0.186477706
11/20/20,0.509219825
11/21/20,8.72797966
11/22/20,17.1918812
11/23/20,0.000923442
11/24/20,1.67926943
11/25/20,29.0918598
11/26/20,13.6991911
11/27/20,0
11/28/20,0
11/29/20,0.011391314
11/30/20,12.6877708
12/1/20,0.549153686
12/2/20,0
12/3/20,3.19730473
12/4/20,0.005676128
12/5/20,0.000183083
12/6/20,0
12/7/20,0.014935839
12/8/20,1.65241051
12/9/20,0.547694385
12/10/20,0.000773887
12/11/20,0.033802096
12/12/20,9.55586052
12/13/20,0.014817315
12/14/20,0.020337582
12/15/20,0.516037762
12/16/20,3.11107635
12/17/20,8.14E-05
12/18/20,0.414897412
12/19/20,1.72138345
12/20/20,4.03182936
12/21/20,1.20978916
12/22/20,0.000315158
12/23/20,4.75853014
12/24/20,4.35567093
12/25/20,0.025076129
12/26/20,0.001431786
12/27/20,4.21972656
12/28/20,1.44053853
12/29/20,0.640211105
12/30/20,11.0680704
12/31/20,5.54013014
1/1/21,21.6606369
1/2/21,0.197018221
1/3/21,1.11233854
1/4/21,0
1/5/21,1.34094727
1/6/21,0
1/7/21,1.05230224
1/8/21,4.75221968
1/9/21,0.021885051
1/10/21,0.001085906
1/11/21,0.002260626
1/12/21,0
1/13/21,0.325560004
1/14/21,1.47431576
1/15/21,3.4187181
1/16/21,0.07675992
1/17/21,0.801889002
1/18/21,0.379498124
1/19/21,0.001269341
1/20/21,0.018556165
1/21/21,1.97E-05
1/22/21,0
1/23/21,0.000814131
1/24/21,0.00626166
1/25/21,2.65660977
1/26/21,0.002606699
1/27/21,0.304336637
1/28/21,0.266869545
1/29/21,0.000361236
1/30/21,0.228269428
1/31/21,16.5871525
2/1/21,0.116391338
2/2/21,0.016666744
2/3/21,0
2/4/21,20.0421963
2/5/21,0.039864633
2/6/21,3.81E-05
2/7/21,0.404710263
2/8/21,1.40066791
2/9/21,7.07407236
2/10/21,3.29771352
2/11/21,0.839389503
2/12/21,0.240868181
2/13/21,6.13776207
2/14/21,0.041010309
2/15/21,3.25880146
2/16/21,1.12179661
2/17/21,0.060624991
2/18/21,1.21504498
2/19/21,0
2/20/21,0
2/21/21,2.11229324
2/22/21,2.25807786
2/23/21,0.359904408
2/24/21,0.000676535
2/25/21,0
2/26/21,5.26436424
2/27/21,0.293584883
2/28/21,18.869297
3/1/21,10.564868
3/2/21,0
3/3/21,0
3/4/21,0
3/5/21,0
3/6/21,0
3/7/21,0
3/8/21,0.023144683
3/9/21,0.208939433
3/10/21,2.02590561
3/11/21,9.3511095
3/12/21,2.45591521
3/13/21,0.242153615
3/14/21,0.014354354
3/15/21,4.78652
3/16/21,1.30220699
3/17/21,0.058673576
3/18/21,22.6849976
3/19/21,0.140430003
3/20/21,0
3/21/21,0
3/22/21,0.019182259
3/23/21,0.239506006
3/24/21,0.70251298
3/25/21,4.13697529
3/26/21,6.23501062
3/27/21,0.064043157
3/28/21,4.74832582
3/29/21,0
3/30/21,0.018409796
3/31/21,1.74321175