Title:,"Time Series, Area-Averaged of Daily accumulated precipitation (combined microwave-IR) estimate ()"
User Start Date:,2010-01-01T00:00:00Z
User End Date:,2021-07-01T23:59:59Z
User Bounding Box:,
Data Bounding Box:,
URL to Reproduce Results:,https://giovanni.gsfc.nasa.gov/giovanni/#service=ArAvTs&starttime=2010-01-01T00:00:00Z&endtime=2021-07-01T23:59:59Z&shape=tl_2014_us_state/shp_24&&data=GPM_3IMERGDF_06_precipitationCal&portal=GIOVANNI&format=json
Fill Value (mean_GPM_3IMERGDF_06_precipitationCal):,-9999.9
,
time, mean_GPM_3IMERGDF_06_precipitationCal
1/1/10,0.127733916
1/2/10,0.088858038
1/3/10,0.068327464
1/4/10,0.385809332
1/5/10,0.090221189
1/6/10,0.116623066
1/7/10,1.59480488
1/8/10,0.023807827
1/9/10,0.003350301
1/10/10,0.011025393
1/11/10,1.64379489
1/12/10,0.341265559
1/13/10,0.144828945
1/14/10,0.007986506
1/15/10,0.407416195
1/16/10,2.00372839
1/17/10,7.00209093
1/18/10,0.052943122
1/19/10,0.453337163
1/20/10,5.29166842
1/21/10,0.78354001
1/22/10,0.74366349
1/23/10,1.5959233
1/24/10,25.8664627
1/25/10,3.39865875
1/26/10,0.358581811
1/27/10,0.213364184
1/28/10,0.034074809
1/29/10,1.12894404
1/30/10,3.34891653
1/31/10,0.000795877
2/1/10,0.277103156
2/2/10,0.421741426
2/3/10,0.003092554
2/4/10,0.301424742
2/5/10,10.583169
2/6/10,3.49261928
2/7/10,0.008587334
2/8/10,0.007512849
2/9/10,36.354126
2/10/10,2.38834548
2/11/10,0.077900998
2/12/10,0.000248972
2/13/10,0.00247143
2/14/10,0.000189802
2/15/10,2.35210609
2/16/10,0.697998047
2/17/10,0.037401523
2/18/10,9.70E-05
2/19/10,9.75E-06
2/20/10,0.033584941
2/21/10,0.049288154
2/22/10,2.19347453
2/23/10,0.37600413
2/24/10,0.552299857
2/25/10,0.001111802
2/26/10,0.438075125
2/27/10,0.832782388
2/28/10,0.074711718
3/1/10,0.144897804
3/2/10,0.71143645
3/3/10,0.139293402
3/4/10,0.000558472
3/5/10,0.000175842
3/6/10,7.15E-06
3/7/10,0.034352616
3/8/10,0.711291969
3/9/10,0.48368454
3/10/10,1.67773712
3/11/10,3.23963356
3/12/10,2.80194139
3/13/10,21.0073204
3/14/10,2.33802772
3/15/10,0.361540467
3/16/10,0.138649032
3/17/10,0.012777652
3/18/10,0.005162314
3/19/10,0.008750949
3/20/10,0.035773099
3/21/10,0.489672512
3/22/10,15.2777786
3/23/10,3.4039526
3/24/10,0.109885961
3/25/10,8.97711754
3/26/10,3.22510886
3/27/10,0.036662716
3/28/10,12.8453293
3/29/10,0.711692631
3/30/10,0.000512836
3/31/10,0.01052481
4/1/10,0.093268856
4/2/10,0.110607326
4/3/10,1.58479285
4/4/10,0.155305773
4/5/10,2.76467252
4/6/10,4.67036772
4/7/10,2.08872175
4/8/10,10.1674814
4/9/10,0.012204221
4/10/10,0.001496263
4/11/10,0.123101681
4/12/10,0.016975479
4/13/10,1.4131875
4/14/10,0.010047048
4/15/10,0.003277036
4/16/10,4.74267197
4/17/10,0.263519645
4/18/10,0.009529723
4/19/10,0.004968931
4/20/10,0.478976101
4/21/10,0.061524615
4/22/10,0.065576315
4/23/10,1.2998507
4/24/10,6.43156433
4/25/10,18.4167614
4/26/10,5.01230955
4/27/10,0.48985973
4/28/10,0.000146476
4/29/10,0.556344926
4/30/10,0.032567311
5/1/10,9.202631
5/2/10,26.1989594
5/3/10,6.27243137
5/4/10,1.98518479
5/5/10,0.669013858
5/6/10,2.88393497
5/7/10,3.90404224
5/8/10,4.85604286
5/9/10,0.009979812
5/10/10,0.01997472
5/11/10,12.7350616
5/12/10,10.8200102
5/13/10,2.0702765
5/14/10,2.51923609
5/15/10,0.985367239
5/16/10,2.78345633
5/17/10,13.792841
5/18/10,2.8798933
5/19/10,0.061486237
5/20/10,0.253111899
5/21/10,14.4688416
5/22/10,9.60840988
5/23/10,0.066316284
5/24/10,0.012368228
5/25/10,0.068340547
5/26/10,0.018750085
5/27/10,2.48866248
5/28/10,1.7676605
5/29/10,0.027556215
5/30/10,0.000119725
5/31/10,10.0483875
6/1/10,5.45116282
6/2/10,5.86548615
6/3/10,12.4724274
6/4/10,3.16999531
6/5/10,15.654768
6/6/10,13.5621767
6/7/10,0.323731393
6/8/10,1.83012724
6/9/10,20.6790504
6/10/10,0.043039918
6/11/10,4.56076193
6/12/10,3.87760949
6/13/10,8.10611629
6/14/10,1.04718411
6/15/10,8.12556553
6/16/10,3.89973354
6/17/10,0.003286392
6/18/10,0.006766343
6/19/10,3.56487703
6/20/10,0.002209612
6/21/10,3.96317029
6/22/10,10.2214975
6/23/10,6.14213419
6/24/10,2.59652257
6/25/10,0.000122217
6/26/10,0.306522459
6/27/10,9.92870617
6/28/10,17.8099232
6/29/10,0.004118398
6/30/10,0.004894118
7/1/10,0
7/2/10,0.001036553
7/3/10,0.000182998
7/4/10,0.000396204
7/5/10,0.001018159
7/6/10,0.011693264
7/7/10,1.46E-05
7/8/10,1.48913264
7/9/10,11.2496014
7/10/10,0.490511656
7/11/10,0.244839206
7/12/10,10.4158602
7/13/10,13.0277805
7/14/10,1.41393781
7/15/10,0.253677309
7/16/10,1.40146136
7/17/10,2.47989655
7/18/10,5.4438839
7/19/10,5.74680614
7/20/10,4.65007782
7/21/10,3.19714403
7/22/10,1.78418279
7/23/10,3.00838184
7/24/10,9.01589108
7/25/10,15.3762102
7/26/10,0.112067178
7/27/10,0.015708998
7/28/10,4.76468992
7/29/10,3.07069945
7/30/10,0.071232379
7/31/10,4.36741161
8/1/10,0.040297508
8/2/10,0.09165822
8/3/10,6.13013983
8/4/10,13.8992071
8/5/10,9.22386837
8/6/10,0.334063739
8/7/10,0.015225464
8/8/10,0.248322353
8/9/10,0.310927004
8/10/10,0.52836597
8/11/10,11.4309902
8/12/10,1.03967226
8/13/10,0.000149678
8/14/10,9.38955212
8/15/10,5.87496948
8/16/10,0.508318663
8/17/10,0.583212376
8/18/10,1.02124095
8/19/10,0.000773563
8/20/10,0.066545844
8/21/10,10.6007252
8/22/10,1.37155831
8/23/10,0.013658062
8/24/10,0.004482775
8/25/10,0.010000365
8/26/10,0.013462734
8/27/10,0
8/28/10,0.000337826
8/29/10,0.000181101
8/30/10,0.003680307
8/31/10,0.000838292
9/1/10,0.005913454
9/2/10,0.395298123
9/3/10,0.581948936
9/4/10,0.094829314
9/5/10,0.001736037
9/6/10,0.834771693
9/7/10,1.27312803
9/8/10,1.26188684
9/9/10,0.001958294
9/10/10,0.000514847
9/11/10,6.31298256
9/12/10,0.332375437
9/13/10,0.16994518
9/14/10,0.155026495
9/15/10,0.027628763
9/16/10,17.9387913
9/17/10,0.346233457
9/18/10,0.198393479
9/19/10,0.831180274
9/20/10,0.005260846
9/21/10,0.003322351
9/22/10,3.82339287
9/23/10,0.0631973
9/24/10,0.876465917
9/25/10,0.300727665
9/26/10,1.20227683
9/27/10,8.89392376
9/28/10,15.2107716
9/29/10,1.28117871
9/30/10,0.954376638
10/1/10,0.000750443
10/2/10,2.80184937
10/3/10,2.90186238
10/4/10,0.336872905
10/5/10,1.90627003
10/6/10,0.73511076
10/7/10,0.006103723
10/8/10,0.000822297
10/9/10,0.026956923
10/10/10,0.009849099
10/11/10,0.828417599
10/12/10,0.466662735
10/13/10,1.32683337
10/14/10,8.21098614
10/15/10,1.37612665
10/16/10,0.002495779
10/17/10,0.015690757
10/18/10,2.59708357
10/19/10,1.86966312
10/20/10,0.026507616
10/21/10,0.611637473
10/22/10,0.020321682
10/23/10,1.29723024
10/24/10,3.68929386
10/25/10,4.3089757
10/26/10,21.3992424
10/27/10,2.45373535
10/28/10,0.263864219
10/29/10,0.359827697
10/30/10,0.529106617
10/31/10,0.039192524
11/1/10,0.003540584
11/2/10,0.034995914
11/3/10,0.773746312
11/4/10,1.35325122
11/5/10,0.277314365
11/6/10,0.023141803
11/7/10,0.025106713
11/8/10,0.000197075
11/9/10,0.000494301
11/10/10,0.001304459
11/11/10,0.000610483
11/12/10,5.78E-05
11/13/10,0.145577684
11/14/10,1.77807784
11/15/10,2.15599871
11/16/10,12.9309645
11/17/10,2.56604648
11/18/10,1.63916945
11/19/10,0.000512773
11/20/10,0.039198581
11/21/10,0.166064814
11/22/10,2.75812721
11/23/10,7.47225142
11/24/10,3.36354065
11/25/10,34.6989441
11/26/10,22.9914951
11/27/10,0.117466211
11/28/10,0.002619853
11/29/10,0.068471931
11/30/10,29.992609
12/1/10,12.9294987
12/2/10,0.184164837
12/3/10,0.133733973
12/4/10,1.18025041
12/5/10,0.063705042
12/6/10,0.079037927
12/7/10,0.137908727
12/8/10,0.027626665
12/9/10,0.504159153
12/10/10,2.38749099
12/11/10,2.16474795
12/12/10,15.8276615
12/13/10,2.77403212
12/14/10,0.002314197
12/15/10,0.000254532
12/16/10,9.12776947
12/17/10,0.050051898
12/18/10,0.247484118
12/19/10,0.080939852
12/20/10,0.201616436
12/21/10,3.496032
12/22/10,0.603173494
12/23/10,0.05447568
12/24/10,1.4642837
12/25/10,1.78400254
12/26/10,0.039898463
12/27/10,0.292409062
12/28/10,0.012364485
12/29/10,0.078810819
12/30/10,3.65628815
12/31/10,0.938696563
1/1/11,17.5133476
1/2/11,0.012257051
1/3/11,0.003788296
1/4/11,0.126714081
1/5/11,0.060172398
1/6/11,0.255546093
1/7/11,0.39128381
1/8/11,1.19726026
1/9/11,0.000850839
1/10/11,6.29388618
1/11/11,0.535898447
1/12/11,0.32339415
1/13/11,0.068332702
1/14/11,0.998873174
1/15/11,4.61044741
1/16/11,0.767562091
1/17/11,1.80297673
1/18/11,3.90633726
1/19/11,0.416885942
1/20/11,6.132195
1/21/11,1.1933465
1/22/11,0.163636267
1/23/11,0.195574686
1/24/11,0.012615823
1/25/11,0.12778528
1/26/11,1.27440321
1/27/11,0.142515078
1/28/11,0.348276228
1/29/11,0.015662434
1/30/11,0.503583968
1/31/11,0.590681732
2/1/11,11.4307756
2/2/11,17.344595
2/3/11,0.000250321
2/4/11,1.01402402
2/5/11,0.448240042
2/6/11,0.233439326
2/7/11,0.622560203
2/8/11,0.186599031
2/9/11,8.12319565
2/10/11,1.93825924
2/11/11,0.534106255
2/12/11,0.13669689
2/13/11,1.35695243
2/14/11,0.292883337
2/15/11,0.137628287
2/16/11,0.109644659
2/17/11,2.22693396
2/18/11,0.722732484
2/19/11,0.055642918
2/20/11,1.12895596
2/21/11,11.6646671
2/22/11,0.687039316
2/23/11,0.004032231
2/24/11,2.4796567
2/25/11,19.1119766
2/26/11,1.08118677
2/27/11,2.13332391
2/28/11,43.9402466
3/1/11,0.002848192
3/2/11,0.002576189
3/3/11,0.103137538
3/4/11,8.86056232
3/5/11,39.310215
3/6/11,3.90333462
3/7/11,0.191511869
3/8/11,0.736205697
3/9/11,16.3080673
3/10/11,4.8617692
3/11/11,0.782230794
3/12/11,0.569309831
3/13/11,0.013975353
3/14/11,1.1892916
3/15/11,6.49602556
3/16/11,0.743551433
3/17/11,0.339589596
3/18/11,4.75509834
3/19/11,1.39672375
3/20/11,1.23337936
3/21/11,9.71162605
3/22/11,3.13101387
3/23/11,8.66257477
3/24/11,1.46271324
3/25/11,0.130804315
3/26/11,0.018148476
3/27/11,0.40854165
3/28/11,0.224177957
3/29/11,0.014027064
3/30/11,1.35830367
3/31/11,0.233277768
4/1/11,0.178836405
4/2/11,0.589493334
4/3/11,1.29546595
4/4/11,34.3289528
4/5/11,3.3476119
4/6/11,0.996563375
4/7/11,0.863280118
4/8/11,5.13925457
4/9/11,3.19023299
4/10/11,0.104795732
4/11/11,7.59284019
4/12/11,7.14940929
4/13/11,0.332085967
4/14/11,0.014245265
4/15/11,2.25081253
4/16/11,15.1332331
4/17/11,0.023351073
4/18/11,1.36445749
4/19/11,24.574995
4/20/11,18.1600914
4/21/11,0.013203689
4/22/11,8.89239311
4/23/11,22.6607914
4/24/11,4.73223114
4/25/11,12.0957499
4/26/11,4.63788319
4/27/11,11.1332664
4/28/11,6.23175859
4/29/11,0.576358318
4/30/11,0.758613944
5/1/11,8.10912704
5/2/11,8.3992424
5/3/11,23.9319286
5/4/11,0.062820964
5/5/11,0.005051858
5/6/11,2.17503738
5/7/11,3.1689384
5/8/11,3.37121487
5/9/11,0.096689329
5/10/11,6.31977701
5/11/11,7.92043781
5/12/11,7.17995358
5/13/11,4.18143892
5/14/11,9.01804161
5/15/11,5.33123255
5/16/11,1.15692341
5/17/11,5.2121377
5/18/11,2.9984901
5/19/11,0.769182026
5/20/11,0.159791827
5/21/11,0.345442533
5/22/11,5.6053257
5/23/11,18.5770893
5/24/11,9.04663181
5/25/11,9.49847031
5/26/11,20.7834949
5/27/11,1.0299809
5/28/11,1.39897859
5/29/11,9.65179443
5/30/11,0.801668763
5/31/11,0.011434233
6/1/11,0.105009839
6/2/11,0.607089341
6/3/11,0.050715055
6/4/11,1.86657381
6/5/11,18.6905918
6/6/11,0.1716391
6/7/11,12.092886
6/8/11,0.00179222
6/9/11,1.61402786
6/10/11,8.58743191
6/11/11,7.95641565
6/12/11,0.077283382
6/13/11,0.053539716
6/14/11,0.029479172
6/15/11,2.6258924
6/16/11,4.24863529
6/17/11,0.88448298
6/18/11,2.9870224
6/19/11,4.61883593
6/20/11,10.0733709
6/21/11,7.18160486
6/22/11,6.90603399
6/23/11,2.8375175
6/24/11,0.579936326
6/25/11,0.124109261
6/26/11,5.23600483
6/27/11,0.772699416
6/28/11,1.56846237
6/29/11,0.002106483
6/30/11,0.006091312
7/1/11,0.208021045
7/2/11,5.00874949
7/3/11,5.1054883
7/4/11,3.0791893
7/5/11,0.003857185
7/6/11,0.045309909
7/7/11,0.31382969
7/8/11,8.46771431
7/9/11,0.000172175
7/10/11,0.01847758
7/11/11,10.8932304
7/12/11,9.99788094
7/13/11,0.547653854
7/14/11,0.011256359
7/15/11,0.170545533
7/16/11,0.021075465
7/17/11,0.076393381
7/18/11,5.2474184
7/19/11,11.7580776
7/20/11,1.14095843
7/21/11,0.423002481
7/22/11,7.26597595
7/23/11,10.915103
7/24/11,13.7121592
7/25/11,2.10599518
7/26/11,0.002002679
7/27/11,0.239365548
7/28/11,7.74656105
7/29/11,4.92566586
7/30/11,2.50159383
7/31/11,0.015382289
8/1/11,3.1358757
8/2/11,0.934131444
8/3/11,11.5352631
8/4/11,0.070959643
8/5/11,0.027200067
8/6/11,1.03726029
8/7/11,7.44463253
8/8/11,1.0498966
8/9/11,8.1856823
8/10/11,2.77833843
8/11/11,0.002424098
8/12/11,0.008153498
8/13/11,1.53309464
8/14/11,11.0667896
8/15/11,2.27336526
8/16/11,0.002169085
8/17/11,0.033441894
8/18/11,0.611786723
8/19/11,3.10893965
8/20/11,0.640917897
8/21/11,5.56053638
8/22/11,0.334672779
8/23/11,0.154708892
8/24/11,14.2739964
8/25/11,22.3443604
8/26/11,0.000617023
8/27/11,0.022198305
8/28/11,0.002107534
8/29/11,0.380181313
8/30/11,0.182379097
8/31/11,0.910938382
9/1/11,2.73904538
9/2/11,0.009574738
9/3/11,0.159252077
9/4/11,16.1306496
9/5/11,10.5647564
9/6/11,10.7405252
9/7/11,1.91992116
9/8/11,3.36515999
9/9/11,0.47169736
9/10/11,6.08953047
9/11/11,4.16389465
9/12/11,1.02163053
9/13/11,0.072758623
9/14/11,3.10225797
9/15/11,10.7247066
9/16/11,1.07667279
9/17/11,0.966863275
9/18/11,0.020101421
9/19/11,18.5366039
9/20/11,4.38304758
9/21/11,5.69572973
9/22/11,0.133979008
9/23/11,10.2117128
9/24/11,0.119989648
9/25/11,1.71134412
9/26/11,30.7128372
9/27/11,4.38548708
9/28/11,2.1852653
9/29/11,5.86432695
9/30/11,5.08610678
10/1/11,1.06151223
10/2/11,0.833821356
10/3/11,1.10024703
10/4/11,0.007880086
10/5/11,0.000585762
10/6/11,0.012431338
10/7/11,0.000372461
10/8/11,0
10/9/11,0.160067722
10/10/11,1.57212138
10/11/11,0.680283248
10/12/11,18.086422
10/13/11,6.74015284
10/14/11,5.70993948
10/15/11,1.66273558
10/16/11,6.87744617
10/17/11,0.670169532
10/18/11,4.92639351
10/19/11,41.2115288
10/20/11,10.3225832
10/21/11,0.772403836
10/22/11,0.073275901
10/23/11,0.318221658
10/24/11,4.31611967
10/25/11,0.121203013
10/26/11,13.3341055
10/27/11,9.27463627
10/28/11,1.00906491
10/29/11,0.186029047
10/30/11,0.170326367
10/31/11,1.06083977
11/1/11,0.04361805
11/2/11,0.159352109
11/3/11,4.32705212
11/4/11,3.61260247
11/5/11,0.000951386
11/6/11,0.000799059
11/7/11,0.24650082
11/8/11,0.086347118
11/9/11,7.55949688
11/10/11,0.062670715
11/11/11,0.012759441
11/12/11,0.003536113
11/13/11,0.549313962
11/14/11,12.7265329
11/15/11,30.2941303
11/16/11,10.1560631
11/17/11,0.280875266
11/18/11,0.01323775
11/19/11,0.272907019
11/20/11,2.87014389
11/21/11,1.48941708
11/22/11,29.0157032
11/23/11,2.19007039
11/24/11,0
11/25/11,0.000634977
11/26/11,1.37428939
11/27/11,16.8488083
11/28/11,13.5390863
11/29/11,31.0569458
11/30/11,0.161900178
12/1/11,7.90E-05
12/2/11,0.020668559
12/3/11,0.170474082
12/4/11,6.49102163
12/5/11,41.7950058
12/6/11,4.33358192
12/7/11,0.734667122
12/8/11,0.013952597
12/9/11,0.92430985
12/10/11,0.012317964
12/11/11,2.51E-05
12/12/11,0.001579142
12/13/11,0.023509551
12/14/11,8.22561646
12/15/11,29.5377426
12/16/11,0.815380812
12/17/11,0.304062545
12/18/11,0.064044759
12/19/11,0.102615476
12/20/11,4.0433116
12/21/11,13.5804386
12/22/11,6.16836834
12/23/11,2.40475488
12/24/11,0.194048539
12/25/11,0.067878321
12/26/11,0.003569861
12/27/11,6.39823723
12/28/11,0.094215952
12/29/11,0.414767742
12/30/11,2.31444836
12/31/11,0.719388247
1/1/12,0.182450995
1/2/12,0.047490705
1/3/12,0.022300582
1/4/12,4.82473516
1/5/12,1.67904747
1/6/12,0.362198263
1/7/12,0.347692043
1/8/12,0.083643511
1/9/12,0.278374076
1/10/12,0.000415875
1/11/12,9.11759853
1/12/12,1.1917417
1/13/12,2.96663642
1/14/12,0.053561106
1/15/12,0.015309718
1/16/12,0.794283926
1/17/12,15.0120821
1/18/12,0.00960236
1/19/12,4.78810596
1/20/12,5.3083005
1/21/12,6.48000526
1/22/12,0.19401142
1/23/12,18.5111103
1/24/12,0.134565741
1/25/12,5.90324306
1/26/12,13.6069813
1/27/12,12.3407469
1/28/12,0.789751709
1/29/12,0.511035562
1/30/12,0.291961521
1/31/12,0.716497064
2/1/12,3.25820112
2/2/12,1.04021382
2/3/12,0.104160681
2/4/12,6.66798496
2/5/12,0.015670149
2/6/12,0
2/7/12,0.006136757
2/8/12,1.78242528
2/9/12,0.004199914
2/10/12,3.32260942
2/11/12,0.037687063
2/12/12,0.010414771
2/13/12,2.82951689
2/14/12,5.69713259
2/15/12,0.280218095
2/16/12,2.13403654
2/17/12,0.000179407
2/18/12,0.002079766
2/19/12,0.256766856
2/20/12,0.021874951
2/21/12,0.925221205
2/22/12,0.492218345
2/23/12,1.28217065
2/24/12,3.15660262
2/25/12,0.00103993
2/26/12,0.000843679
2/27/12,0.006053139
2/28/12,0.000823882
2/29/12,24.4475327
3/1/12,0.483052015
3/2/12,15.3724327
3/3/12,0.693011165
3/4/12,0
3/5/12,0.40300107
3/6/12,0.000685524
3/7/12,0.184592113
3/8/12,7.92038727
3/9/12,0.427579105
3/10/12,0.013137846
3/11/12,0.00295976
3/12/12,6.40021849
3/13/12,1.25745904
3/14/12,0.030728556
3/15/12,12.6883554
3/16/12,8.04580307
3/17/12,0.052593689
3/18/12,4.08033323
3/19/12,4.8868041
3/20/12,0.640961647
3/21/12,0.213953212
3/22/12,0.053391974
3/23/12,6.22424889
3/24/12,9.98638916
3/25/12,0.172124282
3/26/12,0.007468668
3/27/12,0.012887953
3/28/12,0.719988823
3/29/12,0.026254853
3/30/12,3.19087791
3/31/12,5.10259581
4/1/12,0.610440135
4/2/12,0.656928897
4/3/12,3.90819693
4/4/12,2.05185032
4/5/12,0.264330417
4/6/12,1.02E-05
4/7/12,0.001592866
4/8/12,0.788958013
4/9/12,0.069660075
4/10/12,0.010653352
4/11/12,0.012874739
4/12/12,0.000151356
4/13/12,0.098540396
4/14/12,11.458889
4/15/12,1.36887586
4/16/12,0.87539804
4/17/12,0.335456192
4/18/12,0.181029588
4/19/12,0.030841498
4/20/12,0.372014403
4/21/12,8.29335499
4/22/12,0.035616722
4/23/12,0.602604687
4/24/12,0.015504599
4/25/12,4.55177069
4/26/12,12.4812975
4/27/12,0.002025157
4/28/12,5.87729597
4/29/12,1.44084418
4/30/12,3.76488209
5/1/12,11.3699732
5/2/12,12.9891119
5/3/12,0.621440053
5/4/12,3.44415402
5/5/12,5.97766352
5/6/12,0.229059115
5/7/12,9.60069275
5/8/12,11.6301088
5/9/12,0.383960485
5/10/12,0.053875346
5/11/12,0
5/12/12,0.863705814
5/13/12,7.66307926
5/14/12,1.11883807
5/15/12,0.014102897
5/16/12,0.251357764
5/17/12,0.024693711
5/18/12,0.000463847
5/19/12,0.000408653
5/20/12,0.183954403
5/21/12,1.31433904
5/22/12,0.901424646
5/23/12,0.026813336
5/24/12,0.003428571
5/25/12,0.241017252
5/26/12,3.93127084
5/27/12,0.510406256
5/28/12,0.616779566
5/29/12,8.07979298
5/30/12,0.098285139
5/31/12,0.226199105
6/1/12,13.4464731
6/2/12,0.340521932
6/3/12,0.951891422
6/4/12,0.144607365
6/5/12,0.238681287
6/6/12,0.097858474
6/7/12,0.064142801
6/8/12,0.017352909
6/9/12,0.008053041
6/10/12,0.163070336
6/11/12,4.5877943
6/12/12,0.453894675
6/13/12,0.012813035
6/14/12,0.204798698
6/15/12,0
6/16/12,0.959245443
6/17/12,7.35353947
6/18/12,6.03171778
6/19/12,0.358845174
6/20/12,0
6/21/12,0.291795492
6/22/12,0.659183443
6/23/12,0.078347161
6/24/12,0.26620698
6/25/12,0.051196016
6/26/12,0.000420935
6/27/12,0.003264059
6/28/12,0.020693021
6/29/12,14.3051443
6/30/12,4.95371866
7/1/12,6.41009378
7/2/12,3.0090692
7/3/12,4.34100866
7/4/12,1.87416542
7/5/12,9.27332306
7/6/12,0.403472632
7/7/12,0.219041601
7/8/12,2.83017468
7/9/12,1.49436152
7/10/12,0.0583307
7/11/12,0.163177878
7/12/12,0.261212826
7/13/12,1.532686
7/14/12,1.3022368
7/15/12,3.19894147
7/16/12,0.197202593
7/17/12,0.59968251
7/18/12,9.82345104
7/19/12,12.2005253
7/20/12,3.35494232
7/21/12,0.004813386
7/22/12,0.07361681
7/23/12,2.90709805
7/24/12,8.19244957
7/25/12,0.222855523
7/26/12,13.6277599
7/27/12,7.37978792
7/28/12,3.84313369
7/29/12,0.00408985
7/30/12,0.005399683
7/31/12,0.335378706
8/1/12,0.088792153
8/2/12,0.007156057
8/3/12,0.547672153
8/4/12,1.62876832
8/5/12,20.9242611
8/6/12,0.310036212
8/7/12,0.001555081
8/8/12,1.32635009
8/9/12,8.66375542
8/10/12,14.5879765
8/11/12,0.207756102
8/12/12,0.087408677
8/13/12,2.30943775
8/14/12,4.01935244
8/15/12,0.891951025
8/16/12,0.47279498
8/17/12,3.24023128
8/18/12,0.001128113
8/19/12,1.09370649
8/20/12,1.50939906
8/21/12,1.67361295
8/22/12,0.251792669
8/23/12,2.62E-06
8/24/12,0.000549551
8/25/12,0.012471291
8/26/12,0.006903734
8/27/12,12.0979691
8/28/12,0.3247118
8/29/12,9.49E-05
8/30/12,6.97E-05
8/31/12,0.385583013
9/1/12,5.67706871
9/2/12,11.5205517
9/3/12,6.32695198
9/4/12,2.35080576
9/5/12,1.27275991
9/6/12,0.400543958
9/7/12,4.6536274
9/8/12,38.3847618
9/9/12,0.158379927
9/10/12,0.006593298
9/11/12,0.027782643
9/12/12,0.00293606
9/13/12,0.204783082
9/14/12,1.65322089
9/15/12,0.125006944
9/16/12,0.907219589
9/17/12,1.57178164
9/18/12,21.2700882
9/19/12,0.00667314
9/20/12,0.596741855
9/21/12,4.53052139
9/22/12,15.8541174
9/23/12,0.052679092
9/24/12,0.104732797
9/25/12,2.46210194
9/26/12,13.5813208
9/27/12,7.63355541
9/28/12,0.978990018
9/29/12,0.107182138
9/30/12,0.200677484
10/1/12,3.09115553
10/2/12,5.40074587
10/3/12,0.291817099
10/4/12,0.169374228
10/5/12,4.29242182
10/6/12,10.2367048
10/7/12,0.964870334
10/8/12,1.00890779
10/9/12,0.014626647
10/10/12,0.407860339
10/11/12,0.032422479
10/12/12,0.848599374
10/13/12,4.70892239
10/14/12,6.26741219
10/15/12,0.892795086
10/16/12,0.101143762
10/17/12,3.82206106
10/18/12,7.29278994
10/19/12,6.47616673
10/20/12,1.70475245
10/21/12,0.018034799
10/22/12,0.245193794
10/23/12,7.33980417
10/24/12,1.61577427
10/25/12,0.007307885
10/26/12,4.49958992
10/27/12,5.86947489
10/28/12,6.54310894
10/29/12,19.8259182
10/30/12,16.0737991
10/31/12,1.14522421
11/1/12,0.896350086
11/2/12,0.029481176
11/3/12,1.36434174
11/4/12,0.156991959
11/5/12,0.034672804
11/6/12,0.008015021
11/7/12,0.238130614
11/8/12,0.000458984
11/9/12,0.02124604
11/10/12,4.24046183
11/11/12,0.305851817
11/12/12,21.2607307
11/13/12,0.205397576
11/14/12,0.40341419
11/15/12,0.113314688
11/16/12,0.000525328
11/17/12,0
11/18/12,0.001794519
11/19/12,0.461698383
11/20/12,0.781251311
11/21/12,0.124865137
11/22/12,0.002800128
11/23/12,1.26136291
11/24/12,0.043431342
11/25/12,0.194739118
11/26/12,0.233197287
11/27/12,0.325726748
11/28/12,0.008345585
11/29/12,0.000156049
11/30/12,0.331167907
12/1/12,0.023288947
12/2/12,11.4475088
12/3/12,0.006170476
12/4/12,4.88752651
12/5/12,2.95638967
12/6/12,0.162840426
12/7/12,13.1298256
12/8/12,3.84154201
12/9/12,3.32121086
12/10/12,19.0742455
12/11/12,0.024606386
12/12/12,0.022366049
12/13/12,0.002236544
12/14/12,0.004980835
12/15/12,2.07581449
12/16/12,0.943273365
12/17/12,5.89160872
12/18/12,3.1512959
12/19/12,0.105395727
12/20/12,28.6768856
12/21/12,0.317874849
12/22/12,0.178236172
12/23/12,0.001085642
12/24/12,1.00652111
12/25/12,0.035059154
12/26/12,9.69508362
12/27/12,0.086675853
12/28/12,0.683155537
12/29/12,2.34280038
12/30/12,0.051862709
12/31/12,6.04599476
1/1/13,10.19697
1/2/13,7.60890388
1/3/13,0.922157884
1/4/13,0.096713163
1/5/13,0.03228794
1/6/13,0.186111957
1/7/13,0.00223991
1/8/13,0.424996197
1/9/13,0.828502536
1/10/13,0.703644991
1/11/13,9.96613598
1/12/13,2.79887104
1/13/13,9.65072632
1/14/13,6.37325239
1/15/13,0.64050138
1/16/13,4.27067137
1/17/13,3.63718557
1/18/13,0.001666199
1/19/13,0.036775731
1/20/13,0.022731077
1/21/13,0.360102624
1/22/13,0.001979859
1/23/13,0.427882969
1/24/13,0.234196201
1/25/13,9.42602253
1/26/13,0.042179242
1/27/13,0.708122671
1/28/13,3.45398116
1/29/13,3.36643291
1/30/13,25.5966721
1/31/13,0.516367018
2/1/13,0.231683314
2/2/13,2.01716733
2/3/13,0.555630505
2/4/13,2.19651771
2/5/13,2.01626253
2/6/13,0.101016171
2/7/13,4.00552511
2/8/13,0.638143122
2/9/13,0.002716894
2/10/13,6.7915082
2/11/13,4.52769279
2/12/13,0.034538642
2/13/13,1.54257131
2/14/13,0.059087798
2/15/13,0.056626219
2/16/13,0.027129559
2/17/13,0.01301118
2/18/13,0.244912565
2/19/13,11.4552727
2/20/13,0.005875906
2/21/13,0.031703118
2/22/13,2.5269444
2/23/13,0.425837278
2/24/13,0.255752891
2/25/13,0.000812687
2/26/13,10.5833035
2/27/13,2.90483379
2/28/13,0.162866846
3/1/13,0.001572618
3/2/13,0.000469159
3/3/13,0.006711407
3/4/13,0.011863619
3/5/13,2.37676001
3/6/13,10.6071873
3/7/13,0.068262488
3/8/13,0.017387006
3/9/13,0.405712217
3/10/13,1.95015514
3/11/13,29.537796
3/12/13,0.905589283
3/13/13,0.019319296
3/14/13,0.023696451
3/15/13,0.371283412
3/16/13,3.48415136
3/17/13,1.60039783
3/18/13,10.3596926
3/19/13,0.026807128
3/20/13,0.006221519
3/21/13,0.017598379
3/22/13,0.041140653
3/23/13,0.020007201
3/24/13,3.1176064
3/25/13,4.8904233
3/26/13,0.29041478
3/27/13,0.057999898
3/28/13,0.026422314
3/29/13,0.135296986
3/30/13,0.040700898
3/31/13,1.95683348
4/1/13,0.175090358
4/2/13,0.00248581
4/3/13,0.000159193
4/4/13,0.141184554
4/5/13,0.019443542
4/6/13,0.099810697
4/7/13,0.542768538
4/8/13,0.695030868
4/9/13,0.254041523
4/10/13,13.315609
4/11/13,18.1185837
4/12/13,11.3053207
4/13/13,0.029464571
4/14/13,0.189416602
4/15/13,0.544957817
4/16/13,9.93022823
4/17/13,7.93218946
4/18/13,2.06009197
4/19/13,13.3818779
4/20/13,0.008175994
4/21/13,0.003019159
4/22/13,0.038182154
4/23/13,0.377746582
4/24/13,17.553997
4/25/13,0.028750563
4/26/13,0.001288104
4/27/13,0.120056286
4/28/13,7.53207445
4/29/13,2.20749474
4/30/13,0.259968162
5/1/13,0.019245148
5/2/13,0.046323732
5/3/13,0.099217773
5/4/13,0.286955565
5/5/13,2.55264688
5/6/13,6.55370998
5/7/13,2.36208868
5/8/13,1.00898457
5/9/13,1.00798762
5/10/13,14.6008234
5/11/13,1.37108803
5/12/13,0.11286018
5/13/13,0.004515506
5/14/13,0.165098324
5/15/13,1.39515054
5/16/13,7.68517065
5/17/13,1.47168016
5/18/13,1.54558218
5/19/13,0.160351649
5/20/13,0.105515726
5/21/13,0.594245017
5/22/13,1.10517347
5/23/13,2.6161139
5/24/13,0.087242007
5/25/13,0.084972695
5/26/13,0.461864322
5/27/13,6.65239239
5/28/13,8.31692982
5/29/13,0.937921822
5/30/13,0.280076265
5/31/13,6.55939198
6/1/13,6.7298255
6/2/13,4.59176493
6/3/13,0.062052783
6/4/13,0.004817179
6/5/13,0.212287813
6/6/13,12.2135706
6/7/13,0.320051163
6/8/13,0.111438423
6/9/13,1.79501534
6/10/13,14.761487
6/11/13,0.80575335
6/12/13,1.96267164
6/13/13,35.0929527
6/14/13,0.00670579
6/15/13,0.692965388
6/16/13,5.16937017
6/17/13,1.09712231
6/18/13,4.98894215
6/19/13,0.110934995
6/20/13,9.69E-07
6/21/13,0.021164894
6/22/13,0.87577045
6/23/13,1.13063455
6/24/13,1.34943223
6/25/13,5.99818563
6/26/13,21.9688148
6/27/13,11.9133615
6/28/13,5.66520882
6/29/13,5.05700922
6/30/13,3.11018729
7/1/13,8.36407185
7/2/13,3.61884189
7/3/13,1.41876662
7/4/13,8.28435326
7/5/13,9.39553452
7/6/13,3.9878118
7/7/13,4.13325262
7/8/13,6.73777676
7/9/13,15.4904623
7/10/13,29.5847607
7/11/13,0.504945815
7/12/13,0.792108893
7/13/13,0.514674783
7/14/13,0.015290187
7/15/13,0.05854515
7/16/13,1.07030475
7/17/13,0.752500534
7/18/13,0.232378483
7/19/13,4.52244854
7/20/13,26.9013824
7/21/13,1.62059724
7/22/13,14.5892372
7/23/13,4.6300621
7/24/13,0.752243698
7/25/13,0.018758282
7/26/13,0.070701756
7/27/13,15.8622122
7/28/13,0.474530518
7/29/13,0.141144514
7/30/13,0.178118527
7/31/13,3.64071083
8/1/13,1.00928187
8/2/13,1.71342969
8/3/13,7.73118639
8/4/13,0.065867409
8/5/13,0.453229845
8/6/13,0.465801984
8/7/13,4.7121582
8/8/13,3.85631728
8/9/13,5.78683901
8/10/13,1.17789614
8/11/13,0.299817085
8/12/13,0.98262471
8/13/13,5.09909248
8/14/13,0.003882512
8/15/13,0.052951407
8/16/13,0.42765677
8/17/13,0.289126307
8/18/13,3.3828938
8/19/13,0.220281556
8/20/13,0.001968453
8/21/13,6.27849007
8/22/13,4.76356077
8/23/13,4.25012589
8/24/13,0.001191529
8/25/13,0.000438836
8/26/13,0.483600438
8/27/13,5.64089203
8/28/13,9.29909039
8/29/13,0.041506592
8/30/13,0.001466601
8/31/13,16.3109283
9/1/13,1.80112183
9/2/13,1.41505802
9/3/13,0.044002362
9/4/13,0.000138828
9/5/13,0.002339105
9/6/13,0.013534613
9/7/13,0.336946636
9/8/13,0.176234573
9/9/13,1.47654498
9/10/13,0.093691811
9/11/13,1.74582088
9/12/13,11.0899248
9/13/13,1.90619922
9/14/13,0.021458389
9/15/13,1.19224179
9/16/13,3.86126614
9/17/13,0.018197743
9/18/13,0.862365246
9/19/13,2.97404027
9/20/13,4.20335674
9/21/13,39.6125183
9/22/13,0.099580921
9/23/13,0.004193394
9/24/13,0.001327404
9/25/13,0.357420325
9/26/13,0.089742586
9/27/13,0
9/28/13,0.000567713
9/29/13,1.86478555
9/30/13,0.316481739
10/1/13,0.000496754
10/2/13,0.016699042
10/3/13,3.6672616
10/4/13,2.41736245
10/5/13,7.39864397
10/6/13,22.4276829
10/7/13,13.7688828
10/8/13,0.00276777
10/9/13,0.008763038
10/10/13,0.075777836
10/11/13,0.026100447
10/12/13,0.01104404
10/13/13,0.666084826
10/14/13,0.018799512
10/15/13,1.64117026
10/16/13,9.92884064
10/17/13,6.36780691
10/18/13,0.252651632
10/19/13,4.81803799
10/20/13,0.184025645
10/21/13,1.38645577
10/22/13,2.71525502
10/23/13,1.83697319
10/24/13,0.118274063
10/25/13,0.023336817
10/26/13,0.489284635
10/27/13,0.033609256
10/28/13,0.058424402
10/29/13,0.451153636
10/30/13,0.762584567
10/31/13,33.3398857
11/1/13,8.77075195
11/2/13,0.527056456
11/3/13,0.007249847
11/4/13,0.383903056
11/5/13,1.46469927
11/6/13,3.48385262
11/7/13,7.08165932
11/8/13,0.008346571
11/9/13,0.094887011
11/10/13,0.117778972
11/11/13,1.14889336
11/12/13,1.32266796
11/13/13,0.010464223
11/14/13,0.013874552
11/15/13,0.321142346
11/16/13,0.311005563
11/17/13,33.8733635
11/18/13,2.73729086
11/19/13,0.03540121
11/20/13,0.004504825
11/21/13,5.08217812
11/22/13,2.28410316
11/23/13,0.00314906
11/24/13,0.010046649
11/25/13,0.173839122
11/26/13,3.39073014
11/27/13,1.66783476
11/28/13,0.003353378
11/29/13,0.015969375
11/30/13,1.02925003
12/1/13,0.063774407
12/2/13,0.396525294
12/3/13,0.541719854
12/4/13,0.42565605
12/5/13,7.13354254
12/6/13,14.8917437
12/7/13,0.727508426
12/8/13,18.1765213
12/9/13,1.43220818
12/10/13,3.60692167
12/11/13,0.021614134
12/12/13,0.458143979
12/13/13,0.212066755
12/14/13,13.6111135
12/15/13,0.118542083
12/16/13,0.040661376
12/17/13,2.13373852
12/18/13,0.20671317
12/19/13,2.02797437
12/20/13,5.69719076
12/21/13,13.5533991
12/22/13,18.3179035
12/23/13,3.81956434
12/24/13,0.036628593
12/25/13,1.05323827
12/26/13,0.101146899
12/27/13,0.02460048
12/28/13,0.032992784
12/29/13,7.68940926
12/30/13,0.062946543
12/31/13,0.177032202
1/1/14,0.101037271
1/2/14,1.28435886
1/3/14,0.000179922
1/4/14,2.17672777
1/5/14,2.93201923
1/6/14,2.24897623
1/7/14,0.023919124
1/8/14,0.260722667
1/9/14,2.06861806
1/10/14,5.11787415
1/11/14,15.804781
1/12/14,0.061706316
1/13/14,6.75093842
1/14/14,0.838992655
1/15/14,0.132525906
1/16/14,0.889904141
1/17/14,0.27970627
1/18/14,3.25815487
1/19/14,2.44216299
1/20/14,0.429033548
1/21/14,0.682175875
1/22/14,0.010730977
1/23/14,0.003765311
1/24/14,0.167180941
1/25/14,4.92098475
1/26/14,0.16025798
1/27/14,1.93731916
1/28/14,1.08462465
1/29/14,0.001824346
1/30/14,2.01063633
1/31/14,4.08415127
2/1/14,9.12155533
2/2/14,10.672123
2/3/14,5.83292627
2/4/14,4.62398386
2/5/14,5.51302385
2/6/14,0.421951324
2/7/14,0
2/8/14,0.994191587
2/9/14,1.72121787
2/10/14,1.96688902
2/11/14,0
2/12/14,0.000281789
2/13/14,0.802696228
2/14/14,0.952634156
2/15/14,2.09562469
2/16/14,0.381679207
2/17/14,5.73726559
2/18/14,2.08315229
2/19/14,1.23868847
2/20/14,5.74491978
2/21/14,8.11463356
2/22/14,0.104169153
2/23/14,1.90181231
2/24/14,0.004177268
2/25/14,0.27752915
2/26/14,1.17744839
2/27/14,7.97E-05
2/28/14,0
3/1/14,0.252635211
3/2/14,2.83081222
3/3/14,5.3110714
3/4/14,2.26066184
3/5/14,0.012269309
3/6/14,0.835834801
3/7/14,0.165772885
3/8/14,1.23995352
3/9/14,0.07620614
3/10/14,0.924247086
3/11/14,1.86965442
3/12/14,11.2663879
3/13/14,2.10E-05
3/14/14,0.393526077
3/15/14,0.270486414
3/16/14,0.445026487
3/17/14,0.04974854
3/18/14,0.156655893
3/19/14,4.24869776
3/20/14,0.014942426
3/21/14,0.018765757
3/22/14,0.403010696
3/23/14,0.369614691
3/24/14,0.040886991
3/25/14,0.154831409
3/26/14,0.001592281
3/27/14,1.55792511
3/28/14,6.93548441
3/29/14,13.618969
3/30/14,2.2843473
3/31/14,0.022720445
4/1/14,2.20289302
4/2/14,5.83273125
4/3/14,29.5695591
4/4/14,17.2949963
4/5/14,0.008513116
4/6/14,0.113911599
4/7/14,6.21652603
4/8/14,1.45405138
4/9/14,0.035246391
4/10/14,0.308641762
4/11/14,8.08107758
4/12/14,0.078918003
4/13/14,0.588746846
4/14/14,5.60549307
4/15/14,2.60407329
4/16/14,0.012287851
4/17/14,0.021753741
4/18/14,0.074611567
4/19/14,0.000241744
4/20/14,0.015656663
4/21/14,0.686266005
4/22/14,2.84231448
4/23/14,0.004514793
4/24/14,0.162575081
4/25/14,6.66479254
4/26/14,0.119455777
4/27/14,0.025685716
4/28/14,15.7255192
4/29/14,17.9922752
4/30/14,15.0934753
5/1/14,0.219879955
5/2/14,0.035567839
5/3/14,0.346471846
5/4/14,0.35467869
5/5/14,3.17117691
5/6/14,0.007493621
5/7/14,3.75068402
5/8/14,0.633834362
5/9/14,2.46633887
5/10/14,7.55166864
5/11/14,1.39248908
5/12/14,20.1113949
5/13/14,4.59705257
5/14/14,8.05214691
5/15/14,13.1295872
5/16/14,0.657246053
5/17/14,0.379619747
5/18/14,0.029063428
5/19/14,0.035179518
5/20/14,2.67374086
5/21/14,13.0368128
5/22/14,6.5298748
5/23/14,0.064855635
5/24/14,0.010042992
5/25/14,0.152691245
5/26/14,0.024728213
5/27/14,2.56579614
5/28/14,5.12185192
5/29/14,1.98830497
5/30/14,0.004379645
5/31/14,0.001532129
6/1/14,0.035038762
6/2/14,2.7076931
6/3/14,4.68086529
6/4/14,16.4704304
6/5/14,0.58016032
6/6/14,0.013193194
6/7/14,0.015018336
6/8/14,9.31131077
6/9/14,0.94639349
6/10/14,4.45550776
6/11/14,12.9728251
6/12/14,0.90690279
6/13/14,1.25641668
6/14/14,0.001781877
6/15/14,0.001543737
6/16/14,4.05392456
6/17/14,0.721564353
6/18/14,11.3961391
6/19/14,25.4860458
6/20/14,11.0174065
6/21/14,0.974486351
6/22/14,1.1409688
6/23/14,5.4348135
6/24/14,14.628747
6/25/14,12.9303732
6/26/14,0.207439795
6/27/14,0.028080838
6/28/14,1.90281868
6/29/14,4.41206741
6/30/14,0.477981567
7/1/14,2.85659575
7/2/14,11.0995064
7/3/14,0.210418075
7/4/14,0.000284456
7/5/14,0.041842181
7/6/14,0.630423605
7/7/14,4.92623043
7/8/14,12.1015177
7/9/14,0.171501875
7/10/14,0.053253468
7/11/14,0.000785585
7/12/14,0.310790032
7/13/14,6.80226612
7/14/14,6.35028982
7/15/14,2.90526795
7/16/14,0.030317122
7/17/14,0.051812101
7/18/14,2.13723683
7/19/14,7.76656008
7/20/14,0.05619913
7/21/14,0.009132073
7/22/14,0.072723493
7/23/14,9.43758011
7/24/14,1.33509588
7/25/14,0.273723662
7/26/14,7.55789757
7/27/14,13.4634686
7/28/14,2.84281945
7/29/14,0.223481476
7/30/14,4.78264952
7/31/14,1.41910696
8/1/14,0.40152508
8/2/14,12.0573092
8/3/14,0.984906614
8/4/14,0.212894231
8/5/14,2.24002481
8/6/14,1.55268621
8/7/14,0.080110677
8/8/14,1.8022151
8/9/14,0.110233836
8/10/14,0.211418048
8/11/14,18.7446537
8/12/14,10.1434212
8/13/14,0.198732093
8/14/14,0.05725731
8/15/14,0.018375032
8/16/14,0.230634615
8/17/14,0.501347423
8/18/14,0.131754741
8/19/14,1.64462459
8/20/14,20.8428192
8/21/14,10.4867954
8/22/14,12.0843964
8/23/14,0.270319223
8/24/14,0.099942058
8/25/14,0.039412532
8/26/14,1.33928108
8/27/14,1.2066915
8/28/14,0.5175156
8/29/14,0.198348343
8/30/14,2.28463674
8/31/14,17.2214241
9/1/14,0.909816802
9/2/14,7.94715118
9/3/14,0.090920351
9/4/14,0.088244818
9/5/14,0.410073727
9/6/14,10.192234
9/7/14,0.073445521
9/8/14,0.002285179
9/9/14,0.105627172
9/10/14,9.12805939
9/11/14,17.1093292
9/12/14,0.013040456
9/13/14,0.698487997
9/14/14,0.011985574
9/15/14,3.30686593
9/16/14,1.26200926
9/17/14,0.171084061
9/18/14,0.026889758
9/19/14,0.000113818
9/20/14,0.706851125
9/21/14,3.44115973
9/22/14,0.016191058
9/23/14,0.006530384
9/24/14,0.011756252
9/25/14,0.034437683
9/26/14,9.43E-05
9/27/14,0.001772159
9/28/14,0.368964255
9/29/14,0.158465758
9/30/14,6.26387644
10/1/14,0.000383053
10/2/14,0.270835876
10/3/14,7.08036947
10/4/14,1.29947579
10/5/14,0.435177505
10/6/14,6.49966192
10/7/14,14.8119259
10/8/14,0.34412995
10/9/14,2.27753353
10/10/14,5.26514482
10/11/14,2.56733179
10/12/14,0.028959638
10/13/14,3.93126535
10/14/14,9.71265507
10/15/14,7.73628473
10/16/14,1.01456416
10/17/14,0.269399941
10/18/14,1.02536881
10/19/14,0.098941065
10/20/14,5.15177965
10/21/14,1.77712834
10/22/14,0.218875393
10/23/14,0.000212042
10/24/14,0.107644945
10/25/14,0.030038262
10/26/14,0.006252076
10/27/14,0.262772709
10/28/14,7.36606693
10/29/14,0.738627434
10/30/14,0.040385813
10/31/14,1.20011842
11/1/14,0.70772934
11/2/14,0.004713222
11/3/14,0.071579352
11/4/14,2.29736519
11/5/14,2.83940935
11/6/14,5.58084583
11/7/14,0.110047713
11/8/14,0.745202303
11/9/14,0.160891175
11/10/14,0.530777633
11/11/14,0.192149103
11/12/14,0.243628308
11/13/14,0.084597722
11/14/14,0.013827592
11/15/14,0.039694388
11/16/14,1.23437798
11/17/14,10.2560949
11/18/14,0.096699223
11/19/14,0.090093948
11/20/14,0.081785679
11/21/14,0.003048605
11/22/14,1.32801473
11/23/14,6.29981375
11/24/14,24.1206398
11/25/14,0.125421882
11/26/14,0.531708241
11/27/14,0.707909286
11/28/14,0.272061765
11/29/14,1.55190778
11/30/14,0.144033313
12/1/14,4.33159685
12/2/14,0.270819217
12/3/14,0.821917892
12/4/14,4.70360994
12/5/14,6.96199703
12/6/14,28.026804
12/7/14,0.096766442
12/8/14,1.07431233
12/9/14,0.143471345
12/10/14,0.029215969
12/11/14,0.102023065
12/12/14,0.003146093
12/13/14,0.046064723
12/14/14,0.043795154
12/15/14,0.047196142
12/16/14,4.43120432
12/17/14,0.253276646
12/18/14,0.114281505
12/19/14,0.017879771
12/20/14,0.2236754
12/21/14,0.003188966
12/22/14,0.209744498
12/23/14,2.95721865
12/24/14,12.0766535
12/25/14,1.20411944
12/26/14,0.005182792
12/27/14,0.206268892
12/28/14,6.11089087
12/29/14,0.150717899
12/30/14,0.006542561
12/31/14,0.000834194
1/1/15,0.042047784
1/2/15,0.355125874
1/3/15,31.9153309
1/4/15,8.59854221
1/5/15,0.156717256
1/6/15,9.33466816
1/7/15,5.94698906
1/8/15,1.57073736
1/9/15,1.71379757
1/10/15,6.98E-05
1/11/15,2.80819511
1/12/15,5.73644447
1/13/15,0.121965744
1/14/15,0.114754207
1/15/15,0.003346216
1/16/15,0.038690429
1/17/15,1.04396987
1/18/15,2.09575629
1/19/15,0.007183076
1/20/15,0.974855125
1/21/15,1.07292247
1/22/15,0.009877533
1/23/15,0.244195417
1/24/15,0.405287504
1/25/15,4.61871386
1/26/15,1.32631993
1/27/15,0.133502275
1/28/15,0.012749467
1/29/15,3.25689149
1/30/15,0.057675619
1/31/15,0.041119527
2/1/15,7.18590164
2/2/15,2.50597644
2/3/15,0.031810515
2/4/15,0.87218827
2/5/15,0.654202342
2/6/15,1.63350809
2/7/15,2.82908177
2/8/15,5.03596067
2/9/15,0.277772874
2/10/15,0.01026303
2/11/15,0.731539309
2/12/15,0.00154845
2/13/15,0.001871358
2/14/15,0.578243554
2/15/15,0.018261666
2/16/15,10.8469238
2/17/15,1.21304917
2/18/15,2.11439395
2/19/15,0.800238729
2/20/15,0.052084196
2/21/15,5.00599289
2/22/15,1.38744175
2/23/15,0.808673322
2/24/15,0.63551563
2/25/15,0.049650587
2/26/15,0.676178575
2/27/15,0
2/28/15,0.127358615
3/1/15,1.75993013
3/2/15,0.691517651
3/3/15,6.09943724
3/4/15,22.8196354
3/5/15,16.2971916
3/6/15,0
3/7/15,0.141786024
3/8/15,0.000461762
3/9/15,0.20934315
3/10/15,16.4890671
3/11/15,1.95761919
3/12/15,0.004844722
3/13/15,8.8322916
3/14/15,8.92450523
3/15/15,0.028417578
3/16/15,1.34572196
3/17/15,0.66446346
3/18/15,0.001124029
3/19/15,0.26607275
3/20/15,1.37413561
3/21/15,0.001066972
3/22/15,0.006992409
3/23/15,0.476021588
3/24/15,0.104169957
3/25/15,4.04434013
3/26/15,4.37621212
3/27/15,0.112196997
3/28/15,4.46E-05
3/29/15,0.403219312
3/30/15,1.41427946
3/31/15,0.649502814
4/1/15,0.003682264
4/2/15,9.87408447
4/3/15,16.4792881
4/4/15,0.233079433
4/5/15,0.106216967
4/6/15,1.85551894
4/7/15,8.59637928
4/8/15,11.5664377
4/9/15,28.9554634
4/10/15,11.7702484
4/11/15,0.024311272
4/12/15,0.06652008
4/13/15,1.85174763
4/14/15,5.10356855
4/15/15,0.386777848
4/16/15,1.71756279
4/17/15,0.163750604
4/18/15,0.046047047
4/19/15,8.07307148
4/20/15,3.95229411
4/21/15,0.055560168
4/22/15,1.32193673
4/23/15,0.051457666
4/24/15,0.008230151
4/25/15,8.02479267
4/26/15,0.309616119
4/27/15,0.050669223
4/28/15,0.031884685
4/29/15,0.280354053
4/30/15,2.18988156
5/1/15,0.405791938
5/2/15,0.037073482
5/3/15,0.025187057
5/4/15,2.53147173
5/5/15,6.30014515
5/6/15,1.76223683
5/7/15,0.10645356
5/8/15,0.054417394
5/9/15,1.95906484
5/10/15,1.9588269
5/11/15,8.8215189
5/12/15,4.10793638
5/13/15,0.042711757
5/14/15,0.551303327
5/15/15,5.73223019
5/16/15,9.74578762
5/17/15,3.5927844
5/18/15,2.37341046
5/19/15,0.470459729
5/20/15,0.524132013
5/21/15,1.19031787
5/22/15,0.129240066
5/23/15,0.153853461
5/24/15,0.288181335
5/25/15,0.989444792
5/26/15,5.10786295
5/27/15,8.8391161
5/28/15,2.96010303
5/29/15,0.826384544
5/30/15,5.89965248
5/31/15,13.2532463
6/1/15,3.01490021
6/2/15,0.963455021
6/3/15,0.007637631
6/4/15,0.020153029
6/5/15,0.594943643
6/6/15,0.431019604
6/7/15,0.646348655
6/8/15,11.3874626
6/9/15,5.96158266
6/10/15,1.35475314
6/11/15,4.3937459
6/12/15,8.09442425
6/13/15,9.68998337
6/14/15,9.21055031
6/15/15,13.721962
6/16/15,18.3391094
6/17/15,15.2092247
6/18/15,6.21014214
6/19/15,6.52783871
6/20/15,14.6503515
6/21/15,1.71898901
6/22/15,1.24741459
6/23/15,8.53837681
6/24/15,0.183103934
6/25/15,8.27423668
6/26/15,9.45616531
6/27/15,16.9233742
6/28/15,0.802018523
6/29/15,9.03083229
6/30/15,7.67821836
7/1/15,1.13648975
7/2/15,0.223150477
7/3/15,2.08528686
7/4/15,0.944494486
7/5/15,0.374626458
7/6/15,1.28843045
7/7/15,7.64484787
7/8/15,2.44445324
7/9/15,8.0098381
7/10/15,1.32377195
7/11/15,0.329822302
7/12/15,7.91407537
7/13/15,11.4139557
7/14/15,26.6457024
7/15/15,0.023568424
7/16/15,0.030464513
7/17/15,8.06802464
7/18/15,4.67908669
7/19/15,16.7050686
7/20/15,1.61895454
7/21/15,1.15030015
7/22/15,0.010426492
7/23/15,0.07870663
7/24/15,8.73E-05
7/25/15,0.052248266
7/26/15,2.67038465
7/27/15,2.09926915
7/28/15,0.002869099
7/29/15,2.55937886
7/30/15,1.03230941
7/31/15,0.10282556
8/1/15,0.000649626
8/2/15,0.005724809
8/3/15,18.3734646
8/4/15,0.438778996
8/5/15,0.295702338
8/6/15,8.05157852
8/7/15,0.012170807
8/8/15,0.034494095
8/9/15,0.745802164
8/10/15,10.0362968
8/11/15,2.04908442
8/12/15,0.186082378
8/13/15,0.010848798
8/14/15,0.086575814
8/15/15,4.12190247
8/16/15,0.000342503
8/17/15,1.6745671
8/18/15,5.62488174
8/19/15,2.11908889
8/20/15,4.59149599
8/21/15,0.00106457
8/22/15,0.006630448
8/23/15,0.98443985
8/24/15,2.01364279
8/25/15,0.049657751
8/26/15,0.014306808
8/27/15,0.002267434
8/28/15,0.018726457
8/29/15,0.522879243
8/30/15,6.16394281
8/31/15,0.545678556
9/1/15,0.252108246
9/2/15,2.0035944
9/3/15,3.23961878
9/4/15,15.2516136
9/5/15,3.15927124
9/6/15,0.086432464
9/7/15,0.002190749
9/8/15,0.004114291
9/9/15,2.07431793
9/10/15,1.62840199
9/11/15,3.56468034
9/12/15,12.9151878
9/13/15,1.08192301
9/14/15,0.001693121
9/15/15,0.001071326
9/16/15,0.000647025
9/17/15,0
9/18/15,0.376160562
9/19/15,8.27293396
9/20/15,0.040992584
9/21/15,0.342958778
9/22/15,0.000189278
9/23/15,4.14E-05
9/24/15,0.000171305
9/25/15,0.845639229
9/26/15,2.10820246
9/27/15,0.246635273
9/28/15,0.47331962
9/29/15,16.3822536
9/30/15,6.36554813
10/1/15,0.591997206
10/2/15,3.57994366
10/3/15,10.744689
10/4/15,0.622427166
10/5/15,0.007353963
10/6/15,0.061276186
10/7/15,0.00559796
10/8/15,0.03750268
10/9/15,1.16795588
10/10/15,0.072096363
10/11/15,0.007586941
10/12/15,0.481913507
10/13/15,3.09960198
10/14/15,0.014590868
10/15/15,0.129576311
10/16/15,0.546497464
10/17/15,0.012550815
10/18/15,0.005718462
10/19/15,0.001251804
10/20/15,0.013529039
10/21/15,0.091725871
10/22/15,0.264675677
10/23/15,0.029930728
10/24/15,3.83031797
10/25/15,1.28733969
10/26/15,0.003189832
10/27/15,3.88832688
10/28/15,41.2945175
10/29/15,0.156405613
10/30/15,0.075592265
10/31/15,0.871968448
11/1/15,1.11774707
11/2/15,0.118835963
11/3/15,0.001588544
11/4/15,0
11/5/15,0.16708912
11/6/15,12.7583227
11/7/15,0.318371028
11/8/15,0.000508646
11/9/15,0.05976142
11/10/15,2.48195624
11/11/15,0.005616352
11/12/15,7.54042387
11/13/15,0.201572165
11/14/15,0.008563379
11/15/15,0.001503181
11/16/15,0.087955676
11/17/15,0.655368447
11/18/15,9.19619465
11/19/15,7.18241739
11/20/15,0.000808324
11/21/15,1.58662462
11/22/15,0.104691774
11/23/15,0.000837729
11/24/15,0.003760441
11/25/15,0.000209848
11/26/15,0.040921502
11/27/15,7.4158392
11/28/15,8.04383659
11/29/15,4.71963406
11/30/15,0.212441623
12/1/15,4.01991463
12/2/15,1.01416147
12/3/15,0.015301464
12/4/15,0.004841352
12/5/15,0.000724422
12/6/15,0.002382207
12/7/15,0.065220796
12/8/15,0.007873666
12/9/15,0.171974316
12/10/15,0.033885662
12/11/15,0.030991882
12/12/15,0.11009486
12/13/15,1.39312983
12/14/15,12.191165
12/15/15,0.134826496
12/16/15,0.624500871
12/17/15,3.57232809
12/18/15,0.014718219
12/19/15,0.021102622
12/20/15,0.092305005
12/21/15,6.17209435
12/22/15,9.49431419
12/23/15,2.97041869
12/24/15,20.5776577
12/25/15,4.88589334
12/26/15,12.8751125
12/27/15,33.0972748
12/28/15,17.4841499
12/29/15,4.43752003
12/30/15,0.445370793
12/31/15,0.889825404
1/1/16,0.248922229
1/2/16,0.131859288
1/3/16,0.084954634
1/4/16,0.013505365
1/5/16,0.000476681
1/6/16,0.040359817
1/7/16,0.027393447
1/8/16,4.61390448
1/9/16,0.525938451
1/10/16,13.7487831
1/11/16,0.06509649
1/12/16,0.971426189
1/13/16,0.078515887
1/14/16,1.99275482
1/15/16,7.45184517
1/16/16,1.59239912
1/17/16,2.15713978
1/18/16,0.028158117
1/19/16,0.046434868
1/20/16,1.90607643
1/21/16,0.446789503
1/22/16,4.51553679
1/23/16,2.00759149
1/24/16,0.007548708
1/25/16,1.19855261
1/26/16,5.63949442
1/27/16,0.22576867
1/28/16,0.151145101
1/29/16,0.055004086
1/30/16,0.088754632
1/31/16,1.38707232
2/1/16,0.29687506
2/2/16,1.63783646
2/3/16,34.4654694
2/4/16,0.013948819
2/5/16,0.00278306
2/6/16,0.002727867
2/7/16,0.014526727
2/8/16,0.41148147
2/9/16,1.14082944
2/10/16,0.091770835
2/11/16,0.002388583
2/12/16,0.203699067
2/13/16,0.000398006
2/14/16,7.63260889
2/15/16,3.61068583
2/16/16,10.2814074
2/17/16,1.05356598
2/18/16,0.239827216
2/19/16,3.69206309
2/20/16,0.044748452
2/21/16,5.20644617
2/22/16,0.013775954
2/23/16,0.020631975
2/24/16,32.7590218
2/25/16,0.512389541
2/26/16,0.019279929
2/27/16,0.032519814
2/28/16,0.009494527
2/29/16,2.47313309
3/1/16,11.0964203
3/2/16,0.503635049
3/3/16,0.185988814
3/4/16,0.199514031
3/5/16,0.276688963
3/6/16,0.011561845
3/7/16,0.50535661
3/8/16,0.767772257
3/9/16,2.37684321
3/10/16,21.9027901
3/11/16,6.38100576
3/12/16,0.145244196
3/13/16,12.2553425
3/14/16,10.6710129
3/15/16,6.40741491
3/16/16,0.991771936
3/17/16,0.008966248
3/18/16,0.009304587
3/19/16,0.281511307
3/20/16,7.03E-05
3/21/16,0.017781733
3/22/16,0.081574194
3/23/16,1.17148554
3/24/16,9.1386261
3/25/16,2.77847552
3/26/16,0.001349214
3/27/16,0.410289079
3/28/16,18.894371
3/29/16,0.001793015
3/30/16,0.277745068
3/31/16,17.88517
4/1/16,4.96605587
4/2/16,0.512508869
4/3/16,0.109770738
4/4/16,1.58476889
4/5/16,0.000745364
4/6/16,4.5991292
4/7/16,5.38189316
4/8/16,0.353933781
4/9/16,0.704463303
4/10/16,0.798216522
4/11/16,17.4003105
4/12/16,3.40762258
4/13/16,0.032538652
4/14/16,0.00029951
4/15/16,0.003510789
4/16/16,0.000229131
4/17/16,0.000184063
4/18/16,0.001619852
4/19/16,0.252997577
4/20/16,0.021429917
4/21/16,10.4920149
4/22/16,4.40734911
4/23/16,1.00601983
4/24/16,0.277806759
4/25/16,0.041202091
4/26/16,13.1471758
4/27/16,5.11720514
4/28/16,6.8525672
4/29/16,0.175290346
4/30/16,9.18693638
5/1/16,5.6438365
5/2/16,8.47051811
5/3/16,0.102567397
5/4/16,1.5436219
5/5/16,1.15271068
5/6/16,0.041095175
5/7/16,0.994532645
5/8/16,2.09142995
5/9/16,2.65889597
5/10/16,8.9608593
5/11/16,3.62224746
5/12/16,2.50533748
5/13/16,7.27684689
5/14/16,6.93006229
5/15/16,0.060806558
5/16/16,0.006891329
5/17/16,3.71256876
5/18/16,3.25423241
5/19/16,0.000692107
5/20/16,4.05070877
5/21/16,7.82778025
5/22/16,0.288450599
5/23/16,0.07835599
5/24/16,0.102401331
5/25/16,0.344495386
5/26/16,0.561778307
5/27/16,0.305358529
5/28/16,1.61407244
5/29/16,2.38742542
5/30/16,3.4029727
5/31/16,0.022486238
6/1/16,0.751511276
6/2/16,4.16181946
6/3/16,0.942538321
6/4/16,8.26028919
6/5/16,6.84158945
6/6/16,0.71067673
6/7/16,1.53894436
6/8/16,0.076786965
6/9/16,0.060021885
6/10/16,2.21543431
6/11/16,0.108314604
6/12/16,0.079252467
6/13/16,0.028178074
6/14/16,0.513797581
6/15/16,5.74336863
6/16/16,8.70084858
6/17/16,0.356152326
6/18/16,0.244926244
6/19/16,0.120733999
6/20/16,1.04808199
6/21/16,1.716223
6/22/16,1.66780198
6/23/16,40.0955772
6/24/16,0.090323955
6/25/16,0.185535818
6/26/16,1.13558626
6/27/16,5.96666002
6/28/16,0.017576495
6/29/16,0.000411794
6/30/16,0.00400494
7/1/16,1.80098403
7/2/16,0.236178577
7/3/16,5.13491011
7/4/16,3.22289705
7/5/16,0.159953147
7/6/16,3.31777191
7/7/16,1.17014837
7/8/16,3.76207662
7/9/16,1.56735647
7/10/16,0.002629226
7/11/16,0.071315005
7/12/16,0.242743626
7/13/16,1.06017804
7/14/16,9.05317688
7/15/16,2.30608869
7/16/16,0.301685065
7/17/16,0.094233446
7/18/16,14.2297697
7/19/16,0.002915872
7/20/16,0.006866562
7/21/16,1.83969927
7/22/16,6.67609024
7/23/16,0.025429016
7/24/16,4.17105007
7/25/16,1.68180251
7/26/16,4.4545083
7/27/16,0.191918239
7/28/16,9.66199017
7/29/16,2.40806508
7/30/16,6.49382639
7/31/16,0.929437757
8/1/16,0.842680335
8/2/16,0.038336121
8/3/16,0.063376941
8/4/16,0.024874734
8/5/16,0.428101331
8/6/16,0.1743754
8/7/16,0.000925183
8/8/16,0.160795406
8/9/16,2.43800426
8/10/16,8.69200897
8/11/16,3.68463802
8/12/16,1.85193884
8/13/16,9.48684788
8/14/16,11.0228386
8/15/16,15.2860117
8/16/16,10.3733168
8/17/16,7.17025375
8/18/16,0.677069068
8/19/16,1.34178793
8/20/16,4.1506753
8/21/16,4.36543941
8/22/16,0.021957694
8/23/16,0.001414556
8/24/16,1.54718721
8/25/16,8.12982845
8/26/16,0.327296376
8/27/16,5.89085436
8/28/16,5.57512617
8/29/16,4.18758678
8/30/16,0.60698396
8/31/16,6.01456451
9/1/16,0.500882208
9/2/16,0.000343176
9/3/16,0
9/4/16,0
9/5/16,4.42E-06
9/6/16,0.009156815
9/7/16,0.318428278
9/8/16,2.67830539
9/9/16,5.43428993
9/10/16,14.7420378
9/11/16,1.82889819
9/12/16,0.00011473
9/13/16,0.029009165
9/14/16,1.46176088
9/15/16,0.026892968
9/16/16,0.503618062
9/17/16,9.78696823
9/18/16,0.967267215
9/19/16,0.819252193
9/20/16,0.001157708
9/21/16,0.048601165
9/22/16,0.052780513
9/23/16,0.031830046
9/24/16,0.057472907
9/25/16,0.000589707
9/26/16,4.93056726
9/27/16,0.008363434
9/28/16,18.0311279
9/29/16,16.6257362
9/30/16,22.3889446
10/1/16,1.1071682
10/2/16,1.50425851
10/3/16,0.006036198
10/4/16,0.00208714
10/5/16,0.003978565
10/6/16,0.009200292
10/7/16,0.002080325
10/8/16,0.054493718
10/9/16,0.000835913
10/10/16,0.00017244
10/11/16,0.258721173
10/12/16,0.156477526
10/13/16,2.74971294
10/14/16,0.015870048
10/15/16,0.118131384
10/16/16,1.63293695
10/17/16,0.333048046
10/18/16,0.060700096
10/19/16,1.03815806
10/20/16,28.0471363
10/21/16,20.2610512
10/22/16,0.025326677
10/23/16,0.004193207
10/24/16,0.071329564
10/25/16,0.108978681
10/26/16,2.00736523
10/27/16,5.94502115
10/28/16,0.012872664
10/29/16,0.079038911
10/30/16,3.81784511
10/31/16,0.041713167
11/1/16,0.039443918
11/2/16,0.121251114
11/3/16,4.45093155
11/4/16,0.015726203
11/5/16,0.001174903
11/6/16,5.34E-05
11/7/16,1.79E-05
11/8/16,3.0456109
11/9/16,2.6622591
11/10/16,0.04110197
11/11/16,0.000564162
11/12/16,6.22E-05
11/13/16,0.001007668
11/14/16,0.006888238
11/15/16,0.034882207
11/16/16,0.047546156
11/17/16,0.007358105
11/18/16,0.034316804
11/19/16,3.67551661
11/20/16,0.11178454
11/21/16,0.015014811
11/22/16,0.037136231
11/23/16,3.90258813
11/24/16,2.80061126
11/25/16,0.21792537
11/26/16,0.133494243
11/27/16,0.006397613
11/28/16,8.83026981
11/29/16,15.1950855
11/30/16,5.42966318
12/1/16,0.963871777
12/2/16,0.162530258
12/3/16,0.02395463
12/4/16,1.07377148
12/5/16,0.8622908
12/6/16,12.2347775
12/7/16,0.050206218
12/8/16,0.076438934
12/9/16,0.067282796
12/10/16,0.086335026
12/11/16,4.30020523
12/12/16,6.40502262
12/13/16,4.81542301
12/14/16,0.331946194
12/15/16,0.062892579
12/16/16,3.530159
12/17/16,14.0273142
12/18/16,12.8429117
12/19/16,0.659477234
12/20/16,0.42707485
12/21/16,3.95965338
12/22/16,0.338804334
12/23/16,4.37503242
12/24/16,8.61262608
12/25/16,0.136617899
12/26/16,1.24359107
12/27/16,4.60675621
12/28/16,0.14518179
12/29/16,3.51090527
12/30/16,0.145518884
12/31/16,0.596673131
1/1/17,0.020064142
1/2/17,0.381543338
1/3/17,24.8393059
1/4/17,5.13448715
1/5/17,3.21668458
1/6/17,2.84252524
1/7/17,1.98158073
1/8/17,0.024988439
1/9/17,3.0333755
1/10/17,12.6203833
1/11/17,9.76498985
1/12/17,13.5194569
1/13/17,1.82587051
1/14/17,7.45989752
1/15/17,0.488706797
1/16/17,1.24366248
1/17/17,16.0721016
1/18/17,0.214967623
1/19/17,2.95428395
1/20/17,11.2509899
1/21/17,1.65619802
1/22/17,2.7428515
1/23/17,8.51660061
1/24/17,2.02267265
1/25/17,1.61820531
1/26/17,0.192585319
1/27/17,0.133196697
1/28/17,0.82480526
1/29/17,0.143603355
1/30/17,0.02949914
1/31/17,1.16179228
2/1/17,4.86796665
2/2/17,0.086440846
2/3/17,0.222697839
2/4/17,0.272350669
2/5/17,0.111777425
2/6/17,0.017624915
2/7/17,19.4124012
2/8/17,0.956737638
2/9/17,2.03393316
2/10/17,1.74807453
2/11/17,2.66424942
2/12/17,1.74612451
2/13/17,0.015382573
2/14/17,0.076667287
2/15/17,0.100301363
2/16/17,0.053259958
2/17/17,0.206341967
2/18/17,0.286818326
2/19/17,0.15636529
2/20/17,0.107836574
2/21/17,2.10930157
2/22/17,1.50174534
2/23/17,0.18218641
2/24/17,4.32765579
2/25/17,22.0338974
2/26/17,0.024438445
2/27/17,0.134129584
2/28/17,6.67241478
3/1/17,48.1674042
3/2/17,0.000195208
3/3/17,0.001967685
3/4/17,0.005685001
3/5/17,0.000462754
3/6/17,1.74790716
3/7/17,12.4972868
3/8/17,0.029453537
3/9/17,0.077456191
3/10/17,1.56826043
3/11/17,0.004552138
3/12/17,0.000324528
3/13/17,0.714296997
3/14/17,1.88756156
3/15/17,0.000820907
3/16/17,3.17E-05
3/17/17,2.68493176
3/18/17,0.162861168
3/19/17,0.008225935
3/20/17,7.90286207
3/21/17,1.9294548
3/22/17,0.037427418
3/23/17,0.009454574
3/24/17,4.20821047
3/25/17,0.788833439
3/26/17,6.71627665
3/27/17,2.4106307
3/28/17,3.75202584
3/29/17,0.013037757
3/30/17,7.63134623
3/31/17,21.3967972
4/1/17,0.22082755
4/2/17,0.038236354
4/3/17,3.43340588
4/4/17,7.31151438
4/5/17,5.13923216
4/6/17,13.4852762
4/7/17,0.612206042
4/8/17,0.001956147
4/9/17,0.042775657
4/10/17,1.14576352
4/11/17,10.243742
4/12/17,0.783697605
4/13/17,0.33723563
4/14/17,0.093681052
4/15/17,0.986324131
4/16/17,1.65853357
4/17/17,2.00602388
4/18/17,0.271774948
4/19/17,2.51615024
4/20/17,9.46710777
4/21/17,2.84485769
4/22/17,0.85231328
4/23/17,0.175384805
4/24/17,0.105822064
4/25/17,0.667131245
4/26/17,0.015996562
4/27/17,1.19103563
4/28/17,3.58880973
4/29/17,37.7420006
4/30/17,3.93805575
5/1/17,18.9947796
5/2/17,0.266521037
5/3/17,0.557924211
5/4/17,16.3973103
5/5/17,20.8211918
5/6/17,1.26981962
5/7/17,0.256471455
5/8/17,0.000146781
5/9/17,2.76548243
5/10/17,0.052447181
5/11/17,7.61038256
5/12/17,0.854027152
5/13/17,0.040185168
5/14/17,0.114866517
5/15/17,0.059242234
5/16/17,0.227733195
5/17/17,0.741843343
5/18/17,2.11718774
5/19/17,11.6605892
5/20/17,4.31630898
5/21/17,14.184659
5/22/17,0.52495414
5/23/17,0.658956051
5/24/17,5.49677801
5/25/17,14.4460831
5/26/17,0.849027395
5/27/17,10.3016872
5/28/17,3.61272407
5/29/17,7.06301928
5/30/17,1.97559845
5/31/17,1.57898164
6/1/17,0.012062176
6/2/17,0.012911828
6/3/17,0.090529479
6/4/17,5.71969891
6/5/17,7.83508444
6/6/17,0.091333687
6/7/17,0.02937543
6/8/17,0.064545192
6/9/17,0.504434705
6/10/17,0.291408449
6/11/17,0.000489358
6/12/17,0.028606888
6/13/17,12.0923653
6/14/17,7.50420952
6/15/17,2.56345487
6/16/17,0.843267381
6/17/17,0.471554101
6/18/17,9.08972454
6/19/17,9.5707159
6/20/17,0.53177315
6/21/17,1.2931596
6/22/17,2.06940937
6/23/17,39.355957
6/24/17,9.53746319
6/25/17,0.015832305
6/26/17,0.641361713
6/27/17,1.45176685
6/28/17,0.073992759
6/29/17,1.49808335
6/30/17,16.6103535
7/1/17,7.09884882
7/2/17,0.003930899
7/3/17,0.462608755
7/4/17,1.29423511
7/5/17,0.365872473
7/6/17,6.71087456
7/7/17,16.7722111
7/8/17,2.35405254
7/9/17,0.001023684
7/10/17,18.9328632
7/11/17,15.9316368
7/12/17,5.78094769
7/13/17,19.0400829
7/14/17,2.67363214
7/15/17,0.028130818
7/16/17,0.8096807
7/17/17,3.93287277
7/18/17,0.00191452
7/19/17,0.085318506
7/20/17,0.922171831
7/21/17,6.1832099
7/22/17,15.3580313
7/23/17,9.47688103
7/24/17,1.13553083
7/25/17,0.003580158
7/26/17,0.008025425
7/27/17,2.84822822
7/28/17,0.868591249
7/29/17,0.42976737
7/30/17,0.003383473
7/31/17,4.45E-06
8/1/17,0.148138031
8/2/17,2.07789445
8/3/17,1.66956043
8/4/17,13.1338024
8/5/17,0.092671946
8/6/17,3.86708283
8/7/17,4.70038176
8/8/17,0.018375436
8/9/17,0.01750733
8/10/17,0.189140573
8/11/17,4.61669588
8/12/17,1.53156626
8/13/17,0.076973982
8/14/17,0.552904367
8/15/17,0.044672638
8/16/17,0.006307308
8/17/17,9.86364937
8/18/17,1.9955337
8/19/17,3.66293597
8/20/17,0.124856703
8/21/17,1.20082176
8/22/17,4.70635414
8/23/17,0.283471018
8/24/17,0.134856358
8/25/17,0.009581179
8/26/17,0.002320236
8/27/17,0.168145463
8/28/17,3.8472178
8/29/17,6.93982744
8/30/17,0.050244149
8/31/17,0.097883061
9/1/17,8.62149811
9/2/17,2.28007293
9/3/17,1.05676258
9/4/17,1.20262277
9/5/17,23.7304001
9/6/17,0.32534036
9/7/17,1.24741483
9/8/17,0.70374018
9/9/17,0.010211298
9/10/17,0.001396671
9/11/17,0.045160383
9/12/17,3.33029556
9/13/17,2.72666812
9/14/17,2.77221894
9/15/17,0.000436835
9/16/17,0.034460269
9/17/17,0.000935024
9/18/17,0.442496866
9/19/17,3.70637965
9/20/17,0.140464053
9/21/17,0.061961487
9/22/17,0.010521639
9/23/17,5.20E-05
9/24/17,0.0362745
9/25/17,0.035677381
9/26/17,0.003498103
9/27/17,0.02616298
9/28/17,0.001561064
9/29/17,0.034920022
9/30/17,0.002014891
10/1/17,0.081510477
10/2/17,0.002786454
10/3/17,0.00019661
10/4/17,1.07132196
10/5/17,12.8749895
10/6/17,3.33569217
10/7/17,2.00035214
10/8/17,24.5539436
10/9/17,13.7203608
10/10/17,1.69903386
10/11/17,3.97262979
10/12/17,0.102645166
10/13/17,0.015371046
10/14/17,0.037282545
10/15/17,0.870222211
10/16/17,0.008039118
10/17/17,0.000131673
10/18/17,0.009995737
10/19/17,0.001800114
10/20/17,0.000703957
10/21/17,0.279717058
10/22/17,0.200138152
10/23/17,15.7465382
10/24/17,3.00082994
10/25/17,0.271501452
10/26/17,0.067755699
10/27/17,0.886847496
10/28/17,6.51266003
10/29/17,1.36184657
10/30/17,0.608272016
10/31/17,0.056581806
11/1/17,2.84623194
11/2/17,6.88561153
11/3/17,3.84656525
11/4/17,0.047944754
11/5/17,25.3378944
11/6/17,38.4842949
11/7/17,3.93257999
11/8/17,0.093738973
11/9/17,0.002996783
11/10/17,3.84E-05
11/11/17,0.123034894
11/12/17,1.01503313
11/13/17,0.657845259
11/14/17,0.002913093
11/15/17,6.69802761
11/16/17,0.216718227
11/17/17,0.088792637
11/18/17,40.8691063
11/19/17,4.13302851
11/20/17,0.000220875
11/21/17,0.27664575
11/22/17,1.00859416
11/23/17,0.025505289
11/24/17,0.024182022
11/25/17,0.330537736
11/26/17,0.021488693
11/27/17,0.026418161
11/28/17,0.025004266
11/29/17,0.013869704
11/30/17,1.77366042
12/1/17,5.04E-05
12/2/17,0.010711975
12/3/17,0.026638702
12/4/17,0.624400377
12/5/17,12.4314394
12/6/17,0.005827774
12/7/17,0.010571878
12/8/17,0.098810613
12/9/17,0.014208695
12/10/17,0.110294178
12/11/17,0.679770887
12/12/17,0.1442433
12/13/17,0.766971529
12/14/17,0.171698034
12/15/17,0.988586605
12/16/17,0.205618367
12/17/17,2.20117879
12/18/17,0.046519056
12/19/17,0.284680605
12/20/17,0.016748667
12/21/17,0.032188386
12/22/17,0.746540606
12/23/17,20.5593567
12/24/17,0.471543372
12/25/17,0.070917837
12/26/17,0.019402767
12/27/17,0.013384538
12/28/17,0.216623947
12/29/17,1.89459312
12/30/17,4.52486372
12/31/17,1.43787766
1/1/18,0.017085921
1/2/18,0.104737841
1/3/18,0.139554292
1/4/18,0.098542996
1/5/18,0.001276633
1/6/18,8.84E-06
1/7/18,1.09403682
1/8/18,7.34081554
1/9/18,0.463445991
1/10/18,0.892506063
1/11/18,9.21444988
1/12/18,11.2715998
1/13/18,5.97837782
1/14/18,0.099676073
1/15/18,4.81645489
1/16/18,4.22248507
1/17/18,0.00185223
1/18/18,0.001781568
1/19/18,0.017716644
1/20/18,0.078020535
1/21/18,0.077007346
1/22/18,5.56830454
1/23/18,1.96723473
1/24/18,0.390003324
1/25/18,0.175120518
1/26/18,0.005119886
1/27/18,9.72404289
1/28/18,2.28212523
1/29/18,0.395321846
1/30/18,0.140543804
1/31/18,0.762926638
2/1/18,5.07265902
2/2/18,0.468745857
2/3/18,0.099280037
2/4/18,1.42943239
2/5/18,0.128976688
2/6/18,0.70725596
2/7/18,7.36540318
2/8/18,0.015642518
2/9/18,4.41625452
2/10/18,21.5559998
2/11/18,10.9807835
2/12/18,0.810361564
2/13/18,0.010067339
2/14/18,4.7672987
2/15/18,5.77688789
2/16/18,18.5306988
2/17/18,16.7854424
2/18/18,0.319503129
2/19/18,5.25133657
2/20/18,5.49890852
2/21/18,0.78063041
2/22/18,9.65133381
2/23/18,10.3915472
2/24/18,10.1030102
2/25/18,23.6618118
2/26/18,0.04791639
2/27/18,0.004278659
2/28/18,0.978728294
3/1/18,26.3908978
3/2/18,0.322744608
3/3/18,0.00105079
3/4/18,0.000495787
3/5/18,0.050410468
3/6/18,0.183872432
3/7/18,0.993493855
3/8/18,0.028321674
3/9/18,0.062652804
3/10/18,0.022605749
3/11/18,0.070936129
3/12/18,0.632188201
3/13/18,0.005144274
3/14/18,0.065288894
3/15/18,0.004292245
3/16/18,0.023526171
3/17/18,1.52861619
3/18/18,0.010952808
3/19/18,0.104544908
3/20/18,2.32612681
3/21/18,2.70136619
3/22/18,0.38625592
3/23/18,0.001120019
3/24/18,4.24804211
3/25/18,0.587030768
3/26/18,0.025929315
3/27/18,11.4170532
3/28/18,11.2561712
3/29/18,20.4207478
3/30/18,4.6975832
3/31/18,1.27246416
4/1/18,1.75399852
4/2/18,2.99039841
4/3/18,33.5486069
4/4/18,13.9321537
4/5/18,0.01362903
4/6/18,1.99821663
4/7/18,0.527611434
4/8/18,0.004546846
4/9/18,0.42317155
4/10/18,0.000368004
4/11/18,0.011196083
4/12/18,2.96614003
4/13/18,0.642756701
4/14/18,8.09936142
4/15/18,32.7989769
4/16/18,6.57579136
4/17/18,0.018986732
4/18/18,0.023142522
4/19/18,0.33559972
4/20/18,9.26E-05
4/21/18,0.132825628
4/22/18,0.182241544
4/23/18,3.16726422
4/24/18,8.10623646
4/25/18,0.921108723
4/26/18,0.058254566
4/27/18,0.722430527
4/28/18,1.11771858
4/29/18,0.001061485
4/30/18,3.47E-05
5/1/18,0.001540707
5/2/18,0.033679534
5/3/18,10.1980429
5/4/18,2.42037988
5/5/18,3.34747577
5/6/18,7.84904623
5/7/18,0.958532035
5/8/18,0.001610852
5/9/18,0.545142889
5/10/18,7.3550477
5/11/18,0.463699788
5/12/18,5.45872498
5/13/18,8.1148138
5/14/18,10.6808128
5/15/18,4.60158205
5/16/18,2.7305541
5/17/18,1.12356222
5/18/18,2.98052263
5/19/18,6.21692562
5/20/18,0.681030452
5/21/18,3.1861546
5/22/18,19.9368553
5/23/18,1.16522849
5/24/18,0.001241883
5/25/18,0.067401134
5/26/18,4.53468132
5/27/18,3.54899645
5/28/18,0.416291058
5/29/18,0.6421085
5/30/18,3.54644036
5/31/18,3.32398558
6/1/18,3.14903855
6/2/18,0.219820112
6/3/18,2.84874463
6/4/18,0.000459036
6/5/18,7.13247633
6/6/18,0.110294834
6/7/18,0.089718439
6/8/18,9.29938889
6/9/18,8.72709846
6/10/18,9.88916969
6/11/18,8.78207779
6/12/18,0.7328915
6/13/18,5.20172834
6/14/18,0.612187088
6/15/18,0.109290257
6/16/18,1.2834146
6/17/18,1.18124509
6/18/18,0.188935533
6/19/18,10.2261715
6/20/18,4.88882065
6/21/18,11.0186996
6/22/18,14.6481705
6/23/18,3.8331883
6/24/18,0.048817933
6/25/18,1.48986363
6/26/18,8.85122776
6/27/18,6.82667589
6/28/18,0.419974864
6/29/18,0.001445302
6/30/18,0.000146028
7/1/18,1.37172747
7/2/18,5.30569983
7/3/18,4.67036867
7/4/18,2.52648497
7/5/18,9.71360588
7/6/18,3.79892302
7/7/18,0
7/8/18,0
7/9/18,0.001173251
7/10/18,1.62276256
7/11/18,0.098206639
7/12/18,0.035590164
7/13/18,0.018627076
7/14/18,0.134230226
7/15/18,1.53165364
7/16/18,2.33592987
7/17/18,1.45153809
7/18/18,3.42E-05
7/19/18,0.021727821
7/20/18,18.4225883
7/21/18,4.99860477
7/22/18,2.27241564
7/23/18,1.64287281
7/24/18,2.33467078
7/25/18,0.627473593
7/26/18,3.45339131
7/27/18,3.62616396
7/28/18,0.014127401
7/29/18,0.348873466
7/30/18,5.07749557
7/31/18,22.3827686
8/1/18,3.19253778
8/2/18,1.49487865
8/3/18,0.779314697
8/4/18,0.679348946
8/5/18,0.065065324
8/6/18,1.47873378
8/7/18,16.6721439
8/8/18,5.06409454
8/9/18,0.696269691
8/10/18,8.4323349
8/11/18,8.99517536
8/12/18,1.90897644
8/13/18,1.00002992
8/14/18,0.116801225
8/15/18,1.5623647
8/16/18,8.62854004
8/17/18,8.87287045
8/18/18,1.97509885
8/19/18,0.220084086
8/20/18,2.59041715
8/21/18,11.2791653
8/22/18,0.080947481
8/23/18,0.001175282
8/24/18,0.091683701
8/25/18,7.06455517
8/26/18,4.31694221
8/27/18,0.727661133
8/28/18,0.001187441
8/29/18,4.79768229
8/30/18,3.0497005
8/31/18,0.092028476
9/1/18,3.96698022
9/2/18,0.206177101
9/3/18,0.566941679
9/4/18,0.654461801
9/5/18,1.9444201
9/6/18,4.30451536
9/7/18,2.47426677
9/8/18,31.6830654
9/9/18,37.9802437
9/10/18,3.61971831
9/11/18,0.019447038
9/12/18,0.544254065
9/13/18,0.010784573
9/14/18,0.002554968
9/15/18,0.000349048
9/16/18,0.065994933
9/17/18,14.9670401
9/18/18,0.461911947
9/19/18,1.57737243
9/20/18,0.306169599
9/21/18,1.53866661
9/22/18,5.03758383
9/23/18,5.6493783
9/24/18,12.5164919
9/25/18,7.15434122
9/26/18,4.32198811
9/27/18,5.224473
9/28/18,1.37062657
9/29/18,0.043860927
9/30/18,0.112797156
10/1/18,0.087975502
10/2/18,2.68195081
10/3/18,0.11892017
10/4/18,1.81459284
10/5/18,8.5805912
10/6/18,5.60716581
10/7/18,5.63535595
10/8/18,0.164853632
10/9/18,0.069301911
10/10/18,1.83910012
10/11/18,6.5601573
10/12/18,1.32377923
10/13/18,3.32861304
10/14/18,1.82241607
10/15/18,2.32748747
10/16/18,0.298953265
10/17/18,0.008972947
10/18/18,0.004346499
10/19/18,1.84796321
10/20/18,2.5534234
10/21/18,0.548146904
10/22/18,0.005151832
10/23/18,0.002749116
10/24/18,0.006462348
10/25/18,0.266303241
10/26/18,3.69984603
10/27/18,4.96846962
10/28/18,13.4100895
10/29/18,0.399695098
10/30/18,0.032494582
10/31/18,12.2539263
11/1/18,39.8111877
11/2/18,4.58949184
11/3/18,0.472185045
11/4/18,1.316787
11/5/18,7.2941041
11/6/18,23.5676651
11/7/18,0.06262932
11/8/18,0.03276873
11/9/18,6.98688173
11/10/18,0.085216522
11/11/18,0.029190067
11/12/18,0.4190889
11/13/18,0.407033801
11/14/18,1.29979014
11/15/18,18.7346725
11/16/18,0.569418848
11/17/18,0.058565568
11/18/18,0.320421129
11/19/18,1.04539239
11/20/18,0.170800075
11/21/18,0.109744564
11/22/18,0.005248911
11/23/18,0.057284959
11/24/18,10.1222715
11/25/18,0.460490793
11/26/18,11.4855223
11/27/18,0.432094395
11/28/18,0.343575209
11/29/18,0.615739644
11/30/18,0.502627194
12/1/18,14.9183826
12/2/18,8.03252506
12/3/18,0.213237241
12/4/18,0.022124587
12/5/18,0.111909837
12/6/18,0.699218869
12/7/18,0.000845409
12/8/18,0.2388715
12/9/18,5.13786697
12/10/18,0.017083151
12/11/18,0.280830413
12/12/18,4.52938175
12/13/18,0.051316313
12/14/18,1.76098835
12/15/18,19.5743027
12/16/18,5.00553513
12/17/18,0.005170093
12/18/18,0.002288762
12/19/18,0.035999514
12/20/18,7.98262358
12/21/18,10.9660788
12/22/18,0.117736593
12/23/18,0.492466658
12/24/18,0.121018782
12/25/18,0.364224315
12/26/18,0.003391059
12/27/18,3.13061762
12/28/18,12.8416634
12/29/18,0.038000356
12/30/18,0.405397177
12/31/18,23.1827946
1/1/19,1.95662725
1/2/19,0.862401247
1/3/19,1.96185184
1/4/19,0.942442119
1/5/19,4.6204257
1/6/19,0.022220654
1/7/19,4.75220871
1/8/19,3.88939261
1/9/19,0.112414919
1/10/19,0.039564524
1/11/19,0.007322764
1/12/19,10.0185499
1/13/19,4.41495943
1/14/19,4.22E-05
1/15/19,0.086260654
1/16/19,0.140325114
1/17/19,1.92178011
1/18/19,0.263147116
1/19/19,17.0579987
1/20/19,13.0829754
1/21/19,0.011367151
1/22/19,1.68994784
1/23/19,2.72986674
1/24/19,5.02410126
1/25/19,0.084497854
1/26/19,1.50057423
1/27/19,0.220349893
1/28/19,1.87146914
1/29/19,0.479077369
1/30/19,1.86513317
1/31/19,0.800970614
2/1/19,4.84326887
2/2/19,0.090938173
2/3/19,0.043853249
2/4/19,1.24804807
2/5/19,0.374606788
2/6/19,29.153286
2/7/19,29.0967083
2/8/19,8.11052322
2/9/19,0.002449804
2/10/19,2.79520726
2/11/19,5.76947308
2/12/19,21.1763802
2/13/19,0.076130755
2/14/19,3.89970613
2/15/19,1.11652911
2/16/19,0.112668984
2/17/19,0.28354618
2/18/19,0.189470723
2/19/19,0.458057076
2/20/19,9.75358486
2/21/19,0.454272628
2/22/19,3.30831528
2/23/19,11.0402737
2/24/19,12.3428583
2/25/19,0.000806418
2/26/19,0.03199321
2/27/19,0.355535895
2/28/19,0.642643631
3/1/19,1.03947711
3/2/19,0.048215404
3/3/19,2.28887773
3/4/19,0.040455688
3/5/19,0.000409353
3/6/19,0.000109911
3/7/19,3.24387598
3/8/19,3.69359875
3/9/19,14.2716913
3/10/19,13.5834665
3/11/19,0.94942975
3/12/19,0.034485165
3/13/19,1.02542663
3/14/19,16.3788605
3/15/19,5.14379406
3/16/19,0.00052185
3/17/19,0.025364718
3/18/19,0.019088375
3/19/19,0.00068571
3/20/19,1.29824829
3/21/19,4.72018099
3/22/19,0.010214175
3/23/19,0.000183974
3/24/19,1.34082711
3/25/19,4.07962036
3/26/19,0.001317973
3/27/19,0.018234782
3/28/19,1.03234601
3/29/19,8.13666821
3/30/19,9.89315987
3/31/19,8.03181171
4/1/19,0.0003426
4/2/19,0.025739305
4/3/19,0.000320464
4/4/19,0.755692065
4/5/19,5.10970974
4/6/19,0.005019858
4/7/19,1.20396054
4/8/19,2.01774645
4/9/19,0.013306026
4/10/19,0.152264938
4/11/19,0.514028013
4/12/19,5.63362741
4/13/19,0.296003073
4/14/19,20.3661423
4/15/19,0.927522361
4/16/19,0.155099452
4/17/19,0.763255179
4/18/19,3.38794065
4/19/19,7.58655548
4/20/19,7.8323245
4/21/19,0.349544883
4/22/19,0.073552445
4/23/19,3.29902864
4/24/19,0.444552988
4/25/19,9.23828602
4/26/19,25.7435989
4/27/19,5.33730841
4/28/19,3.14982486
4/29/19,4.24046755
4/30/19,4.09165764
5/1/19,2.45794344
5/2/19,7.40490532
5/3/19,10.3136463
5/4/19,3.56299186
5/5/19,2.05918741
5/6/19,0.010011043
5/7/19,0.068496428
5/8/19,0.020985801
5/9/19,3.46705532
5/10/19,2.7946105
5/11/19,0.680616319
5/12/19,6.13446426
5/13/19,1.30912054
5/14/19,0.01014799
5/15/19,0.061891921
5/16/19,0.413373649
5/17/19,24.1320972
5/18/19,1.51250565
5/19/19,2.24541569
5/20/19,1.10811687
5/21/19,0.994508505
5/22/19,2.54902601
5/23/19,5.82571125
5/24/19,0.576441169
5/25/19,3.39779639
5/26/19,7.5245266
5/27/19,0.458065897
5/28/19,14.509304
5/29/19,5.31816912
5/30/19,6.10158968
5/31/19,4.1137538
6/1/19,7.22225046
6/2/19,18.0251255
6/3/19,0.000983531
6/4/19,0.101189785
6/5/19,9.67651749
6/6/19,2.05396318
6/7/19,2.2663188
6/8/19,1.62650049
6/9/19,3.99234486
6/10/19,8.2909317
6/11/19,0.000353157
6/12/19,1.39205098
6/13/19,12.326869
6/14/19,1.11374211
6/15/19,8.02195263
6/16/19,20.5859509
6/17/19,8.80813885
6/18/19,12.7042542
6/19/19,3.26111126
6/20/19,13.9132023
6/21/19,0.169659421
6/22/19,0.839775026
6/23/19,0.808408916
6/24/19,7.20486832
6/25/19,1.52727234
6/26/19,0.034394197
6/27/19,3.26335001
6/28/19,1.37358856
6/29/19,1.4848572
6/30/19,0.707171798
7/1/19,0.031995785
7/2/19,5.86519146
7/3/19,19.0046635
7/4/19,1.52793884
7/5/19,1.94721854
7/6/19,7.38993025
7/7/19,4.38013458
7/8/19,0.074571274
7/9/19,0
7/10/19,0.366557628
7/11/19,9.79716492
7/12/19,0.174494818
7/13/19,0.011953063
7/14/19,1.8185041
7/15/19,3.23836827
7/16/19,6.20255852
7/17/19,11.1016674
7/18/19,4.0724082
7/19/19,0.131218776
7/20/19,4.26022673
7/21/19,7.58795691
7/22/19,15.247406
7/23/19,1.0749613
7/24/19,0.546558738
7/25/19,0.006529653
7/26/19,0.002239284
7/27/19,0.020567957
7/28/19,0.871740818
7/29/19,1.18339396
7/30/19,6.54539299
7/31/19,0.796867669
8/1/19,1.58411038
8/2/19,0.13759248
8/3/19,0.006216962
8/4/19,0.144285813
8/5/19,0.619794548
8/6/19,5.12957191
8/7/19,4.82917929
8/8/19,1.7717216
8/9/19,1.21314394
8/10/19,0.061766431
8/11/19,0.007465546
8/12/19,1.39727139
8/13/19,16.5650692
8/14/19,1.05419493
8/15/19,1.24187124
8/16/19,0.376362503
8/17/19,1.18389344
8/18/19,7.33021402
8/19/19,7.21728706
8/20/19,7.32193565
8/21/19,3.11513662
8/22/19,6.34681463
8/23/19,1.73119247
8/24/19,0.032584768
8/25/19,0.069658145
8/26/19,7.211308
8/27/19,3.19561362
8/28/19,2.50389791
8/29/19,9.51E-05
8/30/19,1.58870292
8/31/19,1.60065246
9/1/19,7.70957375
9/2/19,4.35020494
9/3/19,0.41813609
9/4/19,0.544344664
9/5/19,2.00E-05
9/6/19,0.229359955
9/7/19,0.007362245
9/8/19,1.28457737
9/9/19,0.031458933
9/10/19,0.025174292
9/11/19,1.1556077
9/12/19,2.71925497
9/13/19,1.60953569
9/14/19,3.99357557
9/15/19,0.704733968
9/16/19,0.099823453
9/17/19,0.006209135
9/18/19,0.004687287
9/19/19,0.008779475
9/20/19,0.122430004
9/21/19,2.2612803
9/22/19,0.22296752
9/23/19,6.69779444
9/24/19,0.007229638
9/25/19,0.101287529
9/26/19,0.124081463
9/27/19,2.10636735
9/28/19,5.68894243
9/29/19,3.0587244
9/30/19,5.77032375
10/1/19,0.022383733
10/2/19,0.54183042
10/3/19,1.39317906
10/4/19,0.013384909
10/5/19,0.000803797
10/6/19,4.09488916
10/7/19,20.3855114
10/8/19,0.079290718
10/9/19,0.000513441
10/10/19,0.024781715
10/11/19,1.43721032
10/12/19,1.57652545
10/13/19,0.003303268
10/14/19,0.005693378
10/15/19,0.005355363
10/16/19,8.25773907
10/17/19,0.089547761
10/18/19,0.003265457
10/19/19,0.004451464
10/20/19,0.103533402
10/21/19,3.93245316
10/22/19,6.35280848
10/23/19,0.009670099
10/24/19,0.161502406
10/25/19,1.39160919
10/26/19,16.4983253
10/27/19,5.11377573
10/28/19,0
10/29/19,0.002222932
10/30/19,12.8389559
10/31/19,22.5113525
11/1/19,0.063633002
11/2/19,0.04808392
11/3/19,0.023366319
11/4/19,0.497675478
11/5/19,2.47218394
11/6/19,0.035311334
11/7/19,3.6149683
11/8/19,0.010341946
11/9/19,0.247794643
11/10/19,0.247575074
11/11/19,0.63290906
11/12/19,1.7679882
11/13/19,0.677499473
11/14/19,2.03979158
11/15/19,0.016072659
11/16/19,0.009222859
11/17/19,0.169933051
11/18/19,0.634521008
11/19/19,0.078499571
11/20/19,0.006440054
11/21/19,1.11481369
11/22/19,3.29076791
11/23/19,3.39590406
11/24/19,1.24123406
11/25/19,0.186037019
11/26/19,0.05181133
11/27/19,20.9841461
11/28/19,0.177708656
11/29/19,0.186919451
11/30/19,4.4915452
12/1/19,10.801507
12/2/19,0.353285223
12/3/19,0.273548484
12/4/19,0.210697055
12/5/19,0.015943851
12/6/19,0.939085066
12/7/19,0.005844201
12/8/19,0.101238683
12/9/19,12.6754532
12/10/19,2.70998454
12/11/19,0.328632772
12/12/19,0.302576929
12/13/19,0.500731468
12/14/19,6.14207935
12/15/19,0.255973697
12/16/19,6.25650311
12/17/19,3.0609479
12/18/19,0.031332385
12/19/19,0.019359836
12/20/19,0.430181861
12/21/19,1.67513323
12/22/19,0.024254542
12/23/19,0.063315004
12/24/19,0.010470836
12/25/19,0.139008105
12/26/19,0.135906622
12/27/19,0.169232309
12/28/19,0.119786993
12/29/19,24.3367519
12/30/19,27.5889378
12/31/19,0.229462504
1/1/20,0.338007838
1/2/20,0.956546962
1/3/20,14.9319735
1/4/20,0.679786861
1/5/20,0.144775942
1/6/20,0.029936219
1/7/20,0.048816104
1/8/20,0.130320415
1/9/20,0.394300371
1/10/20,18.0160103
1/11/20,28.748106
1/12/20,7.02363682
1/13/20,0.327019095
1/14/20,0.67542094
1/15/20,0.037555713
1/16/20,0.192122102
1/17/20,0.354132414
1/18/20,20.2712879
1/19/20,0.401752263
1/20/20,0.014436556
1/21/20,0.008032885
1/22/20,0.623299897
1/23/20,3.44018912
1/24/20,25.0092583
1/25/20,1.79491246
1/26/20,0.288494825
1/27/20,0.159578651
1/28/20,0.261545002
1/29/20,0.18519713
1/30/20,0.341897875
1/31/20,1.77153993
2/1/20,0.276782691
2/2/20,0.256327271
2/3/20,0.399139225
2/4/20,21.8750801
2/5/20,2.27226543
2/6/20,6.9830451
2/7/20,0.478560448
2/8/20,0.091897816
2/9/20,6.62406063
2/10/20,7.1827898
2/11/20,1.14464855
2/12/20,5.76954699
2/13/20,14.6983671
2/14/20,0.005323033
2/15/20,0.833665907
2/16/20,0.786382377
2/17/20,0.504601717
2/18/20,6.54845905
2/19/20,0.110036589
2/20/20,0.025814105
2/21/20,0.002418935
2/22/20,0.000982357
2/23/20,0.003280635
2/24/20,3.69496679
2/25/20,5.65707111
2/26/20,2.32500839
2/27/20,0.170339033
2/28/20,0.025383338
2/29/20,0.01207929
3/1/20,0.019182803
3/2/20,8.39694786
3/3/20,12.9098845
3/4/20,0.215355784
3/5/20,0.040816512
3/6/20,0.036039691
3/7/20,0.001362705
3/8/20,0.009696252
3/9/20,0.708636701
3/10/20,9.78485584
3/11/20,0.066657975
3/12/20,2.67106009
3/13/20,6.85704279
3/14/20,6.15361452
3/15/20,0.307284355
3/16/20,0.115750872
3/17/20,0.240058914
3/18/20,14.9812269
3/19/20,13.8885841
3/20/20,17.4417152
3/21/20,0.518247366
3/22/20,1.86872268
3/23/20,1.41020691
3/24/20,0.451562464
3/25/20,1.45312154
3/26/20,2.03401351
3/27/20,5.73354769
3/28/20,15.1735001
3/29/20,18.3747921
3/30/20,0.149839625
3/31/20,0.340255439
4/1/20,0.125191644
4/2/20,0.000386725
4/3/20,0.002406382
4/4/20,0.030384913
4/5/20,0.474373877
4/6/20,0.114342466
4/7/20,8.02862453
4/8/20,26.7639656
4/9/20,13.6089649
4/10/20,0.032752369
4/11/20,0.033955257
4/12/20,5.81905556
4/13/20,10.2700977
4/14/20,0.080518916
4/15/20,0.117578574
4/16/20,0.001808124
4/17/20,5.07916975
4/18/20,0.75838834
4/19/20,0.341308624
4/20/20,0.099934675
4/21/20,0.642642677
4/22/20,0.131028593
4/23/20,4.628088
4/24/20,0.975124538
4/25/20,1.30912364
4/26/20,9.51874733
4/27/20,0.142087385
4/28/20,1.93921411
4/29/20,7.59034443
4/30/20,6.46726561
5/1/20,0.120699726
5/2/20,0.25460887
5/3/20,12.417799
5/4/20,1.29153955
5/5/20,1.42029357
5/6/20,0.209883183
5/7/20,0.004444968
5/8/20,4.08920193
5/9/20,0.00428637
5/10/20,4.04930162
5/11/20,0.459424973
5/12/20,0.01280818
5/13/20,0.01687027
5/14/20,8.02216721
5/15/20,7.92155504
5/16/20,0.828980029
5/17/20,2.00451064
5/18/20,16.9722824
5/19/20,30.1974106
5/20/20,6.63567638
5/21/20,5.67678785
5/22/20,4.75965738
5/23/20,1.08264053
5/24/20,1.34794629
5/25/20,1.62853348
5/26/20,0.478320897
5/27/20,1.05028617
5/28/20,8.83547974
5/29/20,6.4205966
5/30/20,0.01956341
5/31/20,0.001647697
6/1/20,0.122830972
6/2/20,1.35696268
6/3/20,1.93637383
6/4/20,14.5357981
6/5/20,1.94301951
6/6/20,0.274660498
6/7/20,0.033768643
6/8/20,0.011929709
6/9/20,0.491544247
6/10/20,7.31394768
6/11/20,5.16638136
6/12/20,0.002004126
6/13/20,2.86685348
6/14/20,1.17547679
6/15/20,0.632480264
6/16/20,0.099955469
6/17/20,0.758835554
6/18/20,2.50959945
6/19/20,1.45663273
6/20/20,0.284220695
6/21/20,3.23476052
6/22/20,7.92986441
6/23/20,5.45850039
6/24/20,0.111404881
6/25/20,0.777483344
6/26/20,1.91345596
6/27/20,11.3248539
6/28/20,1.47397172
6/29/20,0.190328941
6/30/20,1.93467665
7/1/20,0.016725745
7/2/20,1.00E-04
7/3/20,0.015976889
7/4/20,0.316148162
7/5/20,0.172492132
7/6/20,1.78997016
7/7/20,9.9243784
7/8/20,2.02705145
7/9/20,1.60419869
7/10/20,10.150547
7/11/20,2.0303154
7/12/20,2.92826533
7/13/20,0.164521724
7/14/20,8.79E-05
7/15/20,0.067606084
7/16/20,2.89733338
7/17/20,0.02444982
7/18/20,0.051105633
7/19/20,7.67744398
7/20/20,1.15629017
7/21/20,2.49823308
7/22/20,16.1879063
7/23/20,3.21650004
7/24/20,0.32224375
7/25/20,0
7/26/20,0.007821847
7/27/20,11.5432215
7/28/20,2.39878225
7/29/20,0.251756698
7/30/20,9.34595776
7/31/20,1.77919674
8/1/20,6.31848145
8/2/20,2.69488811
8/3/20,3.10926008
8/4/20,3.02493048
8/5/20,0.026934821
8/6/20,0.011393851
8/7/20,0.062812507
8/8/20,0.000124423
8/9/20,0.004627434
8/10/20,0.329519272
8/11/20,4.61615562
8/12/20,0.114626497
8/13/20,0.062126499
8/14/20,3.90116811
8/15/20,5.75092888
8/16/20,5.95890808
8/17/20,0.437632352
8/18/20,3.60427284
8/19/20,0.056651786
8/20/20,0.000191601
8/21/20,0.565762997
8/22/20,3.70547462
8/23/20,1.23823655
8/24/20,1.24323106
8/25/20,6.25907183
8/26/20,2.9426055
8/27/20,4.18933964
8/28/20,29.1208611
8/29/20,10.0175915
8/30/20,0.067090258
8/31/20,3.40321445
9/1/20,0.098096952
9/2/20,5.23709106
9/3/20,5.81007528
9/4/20,0.010456367
9/5/20,0.00400281
9/6/20,0.436962008
9/7/20,28.3314724
9/8/20,20.9300556
9/9/20,0.00449052
9/10/20,0.013965407
9/11/20,0.101469807
9/12/20,0.100398347
9/13/20,10.1015453
9/14/20,0.036184639
9/15/20,0.000528027
9/16/20,0.01342457
9/17/20,0.094506592
9/18/20,0.000753722
9/19/20,0
9/20/20,2.59E-05
9/21/20,0
9/22/20,0.001326409
9/23/20,0.134513378
9/24/20,0.791021347
9/25/20,0.004955102
9/26/20,0.002126795
9/27/20,0.007569932
9/28/20,5.96208668
9/29/20,6.05088472
9/30/20,1.48531973
10/1/20,1.45199871
10/2/20,0.63411808
10/3/20,0.131067052
10/4/20,4.6390996
10/5/20,0.334039927
10/6/20,0.003260945
10/7/20,0.315509588
10/8/20,0.003126893
10/9/20,0.072367333
10/10/20,0.669060111
10/11/20,4.6527195
10/12/20,0.118249185
10/13/20,3.08623481
10/14/20,0.427666605
10/15/20,5.09611464
10/16/20,1.23906577
10/17/20,0.173341125
10/18/20,3.8178463
10/19/20,21.3615265
10/20/20,4.57686043
10/21/20,16.1042824
10/22/20,2.4817102
10/23/20,4.65767241
10/24/20,6.31820154
10/25/20,0.04347343
10/26/20,0.986628711
10/27/20,2.13525844
10/28/20,0.541132867
10/29/20,47.9886284
10/30/20,0.994283736
10/31/20,0.005316796
11/1/20,0.701549888
11/2/20,0.006788209
11/3/20,0.021159712
11/4/20,0.005724756
11/5/20,0.14916642
11/6/20,0.104012512
11/7/20,0.000238783
11/8/20,0.000652505
11/9/20,0.003739192
11/10/20,0.011648845
11/11/20,7.5530467
11/12/20,0.244089708
11/13/20,0.054250773
11/14/20,0.202942416
11/15/20,12.3650904
11/16/20,0.148037985
11/17/20,0.04585021
11/18/20,0.015635783
11/19/20,0.085281752
11/20/20,0.202228934
11/21/20,3.08330536
11/22/20,12.6990051
11/23/20,0.415753752
11/24/20,1.29414749
11/25/20,28.9792233
11/26/20,8.97106266
11/27/20,0.236416638
11/28/20,0.039605904
11/29/20,0.021056488
11/30/20,11.9373569
12/1/20,1.27165711
12/2/20,0.067678258
12/3/20,3.44343448
12/4/20,0.143382743
12/5/20,0.030761896
12/6/20,0.082696803
12/7/20,0.207940131
12/8/20,0.623540938
12/9/20,1.54406774
12/10/20,0.287888199
12/11/20,0.03192009
12/12/20,5.97581577
12/13/20,0.100282297
12/14/20,0.92189908
12/15/20,0.690256953
12/16/20,3.56614542
12/17/20,0.076928526
12/18/20,0.184925631
12/19/20,3.36030364
12/20/20,6.78056335
12/21/20,1.59968865
12/22/20,0.275629908
12/23/20,3.20716691
12/24/20,13.4455862
12/25/20,0.928263485
12/26/20,0.179214433
12/27/20,4.06276369
12/28/20,4.75348663
12/29/20,0.309979558
12/30/20,9.58659363
12/31/20,7.12481594
1/1/21,20.1859932
1/2/21,1.07439971
1/3/21,3.96742868
1/4/21,0.008182214
1/5/21,0.300978452
1/6/21,0.014848905
1/7/21,0.202197626
1/8/21,3.19718099
1/9/21,0.038468596
1/10/21,0.000480797
1/11/21,0.046210107
1/12/21,0.178351402
1/13/21,0.14992629
1/14/21,0.600763619
1/15/21,3.748981
1/16/21,0.281692028
1/17/21,0.730264604
1/18/21,0.104967929
1/19/21,0.106445879
1/20/21,0.161768124
1/21/21,0.013975795
1/22/21,0.024272675
1/23/21,0.005939412
1/24/21,0.193094522
1/25/21,12.0036449
1/26/21,0.183118716
1/27/21,0.60435766
1/28/21,0.448246777
1/29/21,0.00789909
1/30/21,0.344772607
1/31/21,15.1118755
2/1/21,0.626409709
2/2/21,0.108526424
2/3/21,0.031161571
2/4/21,18.5793514
2/5/21,1.68446422
2/6/21,0.007292319
2/7/21,3.98763895
2/8/21,0.434239984
2/9/21,9.8542099
2/10/21,3.55433369
2/11/21,6.68154526
2/12/21,1.24278831
2/13/21,3.17595005
2/14/21,4.40063381
2/15/21,1.63893878
2/16/21,1.69722497
2/17/21,0.423840284
2/18/21,2.52304149
2/19/21,0.042554632
2/20/21,0.000461517
2/21/21,1.34866321
2/22/21,1.22669733
2/23/21,0.295592457
2/24/21,0.319692463
2/25/21,0.053794723
2/26/21,4.07893658
2/27/21,0.580835938
2/28/21,19.8863983
3/1/21,15.8156862
3/2/21,0.000599912
3/3/21,0.001968838
3/4/21,0.002356529
3/5/21,0.002444133
3/6/21,0.001608556
3/7/21,0.002160463
3/8/21,0.012789197
3/9/21,0.103853665
3/10/21,1.08670616
3/11/21,7.12170792
3/12/21,7.85310745
3/13/21,0.174837038
3/14/21,0.048580892
3/15/21,2.40732551
3/16/21,0.643510878
3/17/21,0.376260102
3/18/21,16.0267944
3/19/21,0.096327849
3/20/21,0.004342647
3/21/21,0.000287941
3/22/21,0.006593529
3/23/21,0.116782486
3/24/21,1.33581889
3/25/21,2.64451361
3/26/21,6.13371944
3/27/21,0.039369594
3/28/21,7.78836536
3/29/21,0.030944862
3/30/21,0.014637776
3/31/21,7.6891613