DATE,PRCP
1/1/10,0
1/2/10,0
1/3/10,0
1/4/10,2
1/5/10,0
1/6/10,0
1/7/10,6.1
1/8/10,0
1/9/10,0
1/10/10,0
1/11/10,0.8
1/12/10,0
1/13/10,0
1/14/10,0
1/15/10,0
1/16/10,0
1/17/10,0
1/18/10,0
1/19/10,0
1/20/10,0
1/21/10,0
1/22/10,0
1/23/10,0
1/24/10,5.8
1/25/10,2
1/26/10,0
1/27/10,0.5
1/28/10,0
1/29/10,0
1/30/10,0
1/31/10,0
2/1/10,0
2/2/10,1
2/3/10,0
2/4/10,0
2/5/10,0.8
2/6/10,0
2/7/10,0
2/8/10,0
2/9/10,9.7
2/10/10,4.3
2/11/10,0
2/12/10,0
2/13/10,0
2/14/10,0
2/15/10,0
2/16/10,1.3
2/17/10,0
2/18/10,0
2/19/10,0
2/20/10,0
2/21/10,3
2/22/10,9.1
2/23/10,0
2/24/10,2
2/25/10,0
2/26/10,8.1
2/27/10,0.5
2/28/10,0
3/1/10,0
3/2/10,0
3/3/10,0
3/4/10,0
3/5/10,0
3/6/10,0
3/7/10,0
3/8/10,0
3/9/10,0
3/10/10,1.3
3/11/10,8.6
3/12/10,1.3
3/13/10,8.9
3/14/10,1.8
3/15/10,0
3/16/10,0
3/17/10,0
3/18/10,0
3/19/10,0
3/20/10,0
3/21/10,1
3/22/10,2.3
3/23/10,0.8
3/24/10,0
3/25/10,8.1
3/26/10,0
3/27/10,0
3/28/10,9.1
3/29/10,0
3/30/10,0
3/31/10,0
4/1/10,0
4/2/10,0
4/3/10,0
4/4/10,0
4/5/10,0
4/6/10,3.8
4/7/10,19.6
4/8/10,0.8
4/9/10,0
4/10/10,0
4/11/10,0
4/12/10,0
4/13/10,4.8
4/14/10,0
4/15/10,0
4/16/10,0
4/17/10,0
4/18/10,0
4/19/10,0
4/20/10,0
4/21/10,0
4/22/10,0
4/23/10,0
4/24/10,10.9
4/25/10,28.2
4/26/10,11.2
4/27/10,0
4/28/10,0
4/29/10,0
4/30/10,0
5/1/10,6.9
5/2/10,21.3
5/3/10,1.5
5/4/10,0
5/5/10,0
5/6/10,0
5/7/10,17.8
5/8/10,0.8
5/9/10,0
5/10/10,0
5/11/10,38.1
5/12/10,0
5/13/10,6.9
5/14/10,1.8
5/15/10,0
5/16/10,0
5/17/10,12.2
5/18/10,4.8
5/19/10,0
5/20/10,0
5/21/10,45
5/22/10,3.6
5/23/10,0
5/24/10,0
5/25/10,0
5/26/10,0
5/27/10,0
5/28/10,0
5/29/10,0
5/30/10,0
5/31/10,12.7
6/1/10,0
6/2/10,9.7
6/3/10,0
6/4/10,0
6/5/10,2
6/6/10,3
6/7/10,0
6/8/10,13.5
6/9/10,1
6/10/10,0
6/11/10,1.3
6/12/10,0
6/13/10,0
6/14/10,0.8
6/15/10,0
6/16/10,2
6/17/10,0
6/18/10,10.2
6/19/10,0
6/20/10,0
6/21/10,0
6/22/10,8.9
6/23/10,25.9
6/24/10,0
6/25/10,0
6/26/10,0
6/27/10,0
6/28/10,0
6/29/10,0
6/30/10,0
7/1/10,0
7/2/10,0
7/3/10,0
7/4/10,0
7/5/10,0
7/6/10,0
7/7/10,0
7/8/10,5.8
7/9/10,0
7/10/10,0
7/11/10,0.5
7/12/10,10.4
7/13/10,32
7/14/10,0
7/15/10,0
7/16/10,0
7/17/10,0
7/18/10,3.6
7/19/10,0
7/20/10,6.4
7/21/10,0
7/22/10,49
7/23/10,16.3
7/24/10,4.8
7/25/10,15.5
7/26/10,0
7/27/10,0
7/28/10,13.7
7/29/10,0
7/30/10,0
7/31/10,0
8/1/10,0
8/2/10,0
8/3/10,0
8/4/10,1.3
8/5/10,0
8/6/10,0
8/7/10,0
8/8/10,0
8/9/10,1.5
8/10/10,0
8/11/10,9.4
8/12/10,0
8/13/10,0
8/14/10,0
8/15/10,0
8/16/10,0
8/17/10,0
8/18/10,0
8/19/10,0
8/20/10,0
8/21/10,13.5
8/22/10,0
8/23/10,0
8/24/10,0
8/25/10,0
8/26/10,0
8/27/10,0
8/28/10,0
8/29/10,0
8/30/10,0
8/31/10,0
9/1/10,1.3
9/2/10,9.9
9/3/10,3.3
9/4/10,2.3
9/5/10,0
9/6/10,2
9/7/10,0
9/8/10,0
9/9/10,0
9/10/10,0
9/11/10,7.6
9/12/10,0
9/13/10,3
9/14/10,0
9/15/10,0
9/16/10,21.6
9/17/10,0
9/18/10,0
9/19/10,0
9/20/10,0
9/21/10,0
9/22/10,6.6
9/23/10,0
9/24/10,0
9/25/10,0
9/26/10,0
9/27/10,5.8
9/28/10,8.6
9/29/10,0
9/30/10,0
10/1/10,0
10/2/10,6.1
10/3/10,0
10/4/10,0
10/5/10,0
10/6/10,0
10/7/10,0
10/8/10,0
10/9/10,0
10/10/10,0
10/11/10,0
10/12/10,0
10/13/10,11.9
10/14/10,0
10/15/10,0
10/16/10,0
10/17/10,0
10/18/10,0
10/19/10,0
10/20/10,0
10/21/10,1.5
10/22/10,0
10/23/10,0
10/24/10,0
10/25/10,0
10/26/10,4.3
10/27/10,0
10/28/10,2.8
10/29/10,0
10/30/10,0
10/31/10,0
11/1/10,0
11/2/10,0
11/3/10,0
11/4/10,0
11/5/10,0
11/6/10,0
11/7/10,0
11/8/10,0
11/9/10,0
11/10/10,0
11/11/10,0
11/12/10,0
11/13/10,1.5
11/14/10,0
11/15/10,0
11/16/10,16.8
11/17/10,3
11/18/10,0
11/19/10,0
11/20/10,0
11/21/10,0
11/22/10,24.6
11/23/10,13.5
11/24/10,1.3
11/25/10,20.3
11/26/10,0
11/27/10,0
11/28/10,0
11/29/10,0.3
11/30/10,15.7
12/1/10,0
12/2/10,0
12/3/10,0
12/4/10,0
12/5/10,0
12/6/10,0
12/7/10,0
12/8/10,0
12/9/10,0
12/10/10,0.8
12/11/10,6.9
12/12/10,13.7
12/13/10,0
12/14/10,0
12/15/10,0
12/16/10,0
12/17/10,0
12/18/10,0
12/19/10,0
12/20/10,0
12/21/10,0
12/22/10,0.8
12/23/10,0
12/24/10,0
12/25/10,0
12/26/10,0
12/27/10,0
12/28/10,0
12/29/10,0
12/30/10,0
12/31/10,2.5
1/1/11,13.5
1/2/11,0
1/3/11,0
1/4/11,0
1/5/11,0
1/6/11,0
1/7/11,1
1/8/11,0
1/9/11,0
1/10/11,0
1/11/11,6.6
1/12/11,0
1/13/11,0.3
1/14/11,0.3
1/15/11,0
1/16/11,0
1/17/11,0
1/18/11,3.3
1/19/11,0
1/20/11,1.3
1/21/11,0
1/22/11,0
1/23/11,0
1/24/11,1.5
1/25/11,0
1/26/11,0
1/27/11,2.8
1/28/11,0
1/29/11,1.8
1/30/11,0
1/31/11,0
2/1/11,7.1
2/2/11,7.6
2/3/11,0
2/4/11,0
2/5/11,6.9
2/6/11,0
2/7/11,0
2/8/11,0
2/9/11,0
2/10/11,0
2/11/11,0
2/12/11,0
2/13/11,0
2/14/11,0
2/15/11,0
2/16/11,0
2/17/11,0
2/18/11,0
2/19/11,0
2/20/11,
2/21/11,6.1
2/22/11,0
2/23/11,0
2/24/11,0
2/25/11,3.8
2/26/11,0
2/27/11,3.8
2/28/11,17.3
3/1/11,0
3/2/11,0
3/3/11,0
3/4/11,4.8
3/5/11,31.2
3/6/11,0
3/7/11,0
3/8/11,0
3/9/11,17.5
3/10/11,2
3/11/11,0.5
3/12/11,0
3/13/11,0
3/14/11,0
3/15/11,9.1
3/16/11,0
3/17/11,0
3/18/11,0
3/19/11,0
3/20/11,7.6
3/21/11,3
3/22/11,5.8
3/23/11,4.6
3/24/11,0
3/25/11,0
3/26/11,0
3/27/11,0
3/28/11,0
3/29/11,0
3/30/11,0
3/31/11,0
4/1/11,0
4/2/11,0
4/3/11,0
4/4/11,3
4/5/11,0
4/6/11,9.1
4/7/11,0
4/8/11,16
4/9/11,0
4/10/11,0
4/11/11,4.6
4/12/11,0
4/13/11,0
4/14/11,0
4/15/11,0.5
4/16/11,5.3
4/17/11,0
4/18/11,5.1
4/19/11,8.9
4/20/11,15
4/21/11,0
4/22/11,11.2
4/23/11,8.6
4/24/11,3
4/25/11,13.2
4/26/11,0
4/27/11,24.1
4/28/11,45.5
4/29/11,0
4/30/11,0
5/1/11,3.3
5/2/11,0
5/3/11,0
5/4/11,0
5/5/11,0
5/6/11,0.5
5/7/11,0
5/8/11,0
5/9/11,0
5/10/11,0
5/11/11,0
5/12/11,9.1
5/13/11,2
5/14/11,1.8
5/15/11,19.1
5/16/11,1.5
5/17/11,3
5/18/11,2.3
5/19/11,2
5/20/11,0
5/21/11,0.8
5/22/11,1
5/23/11,11.7
5/24/11,0
5/25/11,45.2
5/26/11,29.2
5/27/11,0
5/28/11,13.2
5/29/11,4.1
5/30/11,0
5/31/11,0
6/1/11,0
6/2/11,0
6/3/11,0
6/4/11,0
6/5/11,0
6/6/11,0
6/7/11,0
6/8/11,0
6/9/11,3.3
6/10/11,5.8
6/11/11,0
6/12/11,0
6/13/11,0
6/14/11,0
6/15/11,2.3
6/16/11,1.8
6/17/11,0
6/18/11,0
6/19/11,0
6/20/11,0
6/21/11,1.5
6/22/11,2.5
6/23/11,2.8
6/24/11,0
6/25/11,0
6/26/11,0
6/27/11,0
6/28/11,0
6/29/11,0
6/30/11,0
7/1/11,0
7/2/11,0
7/3/11,0
7/4/11,0
7/5/11,0
7/6/11,0
7/7/11,0
7/8/11,0
7/9/11,0
7/10/11,0
7/11/11,23.4
7/12/11,0
7/13/11,0
7/14/11,0
7/15/11,0
7/16/11,0
7/17/11,0
7/18/11,0
7/19/11,0
7/20/11,0
7/21/11,0
7/22/11,1.3
7/23/11,5.6
7/24/11,0
7/25/11,0
7/26/11,0
7/27/11,0
7/28/11,10.2
7/29/11,33
7/30/11,0
7/31/11,0
8/1/11,3
8/2/11,4.1
8/3/11,14.7
8/4/11,0
8/5/11,0
8/6/11,17.8
8/7/11,0.8
8/8/11,0
8/9/11,12.2
8/10/11,1.3
8/11/11,0
8/12/11,0
8/13/11,0
8/14/11,16.3
8/15/11,0
8/16/11,0
8/17/11,0
8/18/11,0
8/19/11,0
8/20/11,1.8
8/21/11,0.8
8/22/11,0
8/23/11,0
8/24/11,16.3
8/25/11,0
8/26/11,0
8/27/11,0
8/28/11,0
8/29/11,0
8/30/11,0
8/31/11,0.5
9/1/11,0
9/2/11,0
9/3/11,6.1
9/4/11,5.6
9/5/11,0
9/6/11,0
9/7/11,22.4
9/8/11,11.2
9/9/11,0.5
9/10/11,0.8
9/11/11,0
9/12/11,0
9/13/11,0
9/14/11,5.6
9/15/11,0
9/16/11,0
9/17/11,0
9/18/11,0
9/19/11,15.7
9/20/11,0
9/21/11,0
9/22/11,1.3
9/23/11,8.4
9/24/11,1
9/25/11,0
9/26/11,24.4
9/27/11,4.1
9/28/11,2.3
9/29/11,7.4
9/30/11,3.6
10/1/11,0.5
10/2/11,0
10/3/11,0
10/4/11,0
10/5/11,0
10/6/11,0
10/7/11,0
10/8/11,0
10/9/11,0
10/10/11,0
10/11/11,0
10/12/11,0
10/13/11,4.6
10/14/11,0
10/15/11,0
10/16/11,4.1
10/17/11,0
10/18/11,3.8
10/19/11,33.8
10/20/11,9.7
10/21/11,0
10/22/11,0
10/23/11,0
10/24/11,7.1
10/25/11,0.3
10/26/11,6.4
10/27/11,2.5
10/28/11,0
10/29/11,4.3
10/30/11,0.5
10/31/11,0.8
11/1/11,0
11/2/11,0
11/3/11,0
11/4/11,0
11/5/11,0
11/6/11,0
11/7/11,3
11/8/11,0.8
11/9/11,10.7
11/10/11,0
11/11/11,0
11/12/11,0
11/13/11,0
11/14/11,30.2
11/15/11,0
11/16/11,0
11/17/11,0
11/18/11,0
11/19/11,0
11/20/11,0
11/21/11,0
11/22/11,43.7
11/23/11,7.9
11/24/11,0
11/25/11,0
11/26/11,0.8
11/27/11,18.5
11/28/11,11.2
11/29/11,69.6
11/30/11,1
12/1/11,0
12/2/11,0
12/3/11,0
12/4/11,7.1
12/5/11,16
12/6/11,0
12/7/11,0
12/8/11,0
12/9/11,0
12/10/11,0
12/11/11,0
12/12/11,0
12/13/11,0
12/14/11,18.5
12/15/11,11.4
12/16/11,0
12/17/11,1
12/18/11,0
12/19/11,0
12/20/11,0
12/21/11,2
12/22/11,1.3
12/23/11,0
12/24/11,0
12/25/11,0
12/26/11,0
12/27/11,7.9
12/28/11,0
12/29/11,0
12/30/11,7.1
12/31/11,1.3
1/1/12,0
1/2/12,0
1/3/12,0
1/4/12,0
1/5/12,0
1/6/12,0
1/7/12,0
1/8/12,0
1/9/12,0
1/10/12,0
1/11/12,4.1
1/12/12,4.1
1/13/12,3.6
1/14/12,0
1/15/12,0
1/16/12,1
1/17/12,17.8
1/18/12,0
1/19/12,1
1/20/12,4.8
1/21/12,0.3
1/22/12,0.8
1/23/12,15.2
1/24/12,0
1/25/12,0
1/26/12,6.1
1/27/12,3.6
1/28/12,0
1/29/12,0
1/30/12,0
1/31/12,0
2/1/12,0.5
2/2/12,0
2/3/12,0
2/4/12,0
2/5/12,0
2/6/12,0
2/7/12,0
2/8/12,0
2/9/12,0
2/10/12,0.8
2/11/12,1
2/12/12,0
2/13/12,0
2/14/12,3.3
2/15/12,1.8
2/16/12,1.5
2/17/12,0
2/18/12,0
2/19/12,0
2/20/12,0
2/21/12,4.1
2/22/12,4.1
2/23/12,4.1
2/24/12,9.4
2/25/12,0.5
2/26/12,0
2/27/12,0
2/28/12,0
2/29/12,20.8
3/2/12,0
3/5/12,2.8
3/6/12,0
3/8/12,4.8
3/9/12,0
3/10/12,0
3/11/12,0
3/12/12,16.5
3/13/12,2.3
3/14/12,0
3/15/12,4.1
3/16/12,0
3/17/12,0
3/18/12,0.5
3/19/12,0
3/20/12,0
3/21/12,0
3/22/12,0
3/24/12,0
3/26/12,0
3/28/12,0
3/30/12,0
4/2/12,0
4/3/12,0
4/4/12,0
4/5/12,0
4/6/12,0
4/7/12,0
4/8/12,0.5
4/10/12,0.3
4/11/12,0
4/12/12,0
4/13/12,0
4/14/12,5.3
4/15/12,0.5
4/16/12,1.8
4/17/12,0
4/18/12,0
4/20/12,9.9
4/21/12,0.5
4/22/12,0
4/23/12,0
4/25/12,2.5
4/27/12,0
4/30/12,0
5/1/12,20.1
5/3/12,0.5
5/4/12,2.8
5/5/12,0
5/6/12,0
5/7/12,21.8
5/8/12,0
5/9/12,4.6
5/10/12,0
5/11/12,0
5/12/12,0
5/13/12,0
5/14/12,0
5/15/12,0
5/16/12,0
5/18/12,0
5/19/12,0
5/20/12,0
5/21/12,0
5/23/12,0
5/28/12,
5/29/12,0
5/30/12,0
5/31/12,5.3
6/1/12,5.8
6/2/12,0
6/3/12,0
6/4/12,0
6/5/12,0.3
6/6/12,0
6/7/12,0
6/8/12,0
6/9/12,0
6/10/12,0
6/11/12,2.5
6/12/12,0
6/13/12,0
6/14/12,0
6/15/12,0
6/16/12,0
6/17/12,6.4
6/18/12,39.9
6/19/12,0
6/20/12,0
6/21/12,0
6/22/12,0
6/23/12,0
6/24/12,0
6/25/12,0
6/26/12,0
6/27/12,0
6/28/12,0
6/29/12,0
6/30/12,0
7/1/12,13.5
7/2/12,0
7/3/12,1
7/4/12,0
7/5/12,1
7/6/12,0
7/7/12,0
7/8/12,2.8
7/9/12,0
7/10/12,0
7/11/12,0
7/12/12,0
7/13/12,0
7/14/12,0
7/15/12,0
7/16/12,0
7/17/12,0
7/18/12,5.6
7/22/12,0
7/23/12,0
7/24/12,0
7/25/12,0
7/26/12,5.6
7/28/12,0
7/29/12,0
7/30/12,0
7/31/12,8.1
8/1/12,0
8/2/12,0
8/3/12,0
8/4/12,9.9
8/5/12,1.8
8/6/12,0
8/7/12,0
8/8/12,0
8/9/12,19.3
8/10/12,6.1
8/11/12,0.5
8/12/12,0
8/13/12,1.8
8/14/12,7.4
8/15/12,14
8/16/12,0.8
8/19/12,0
8/20/12,0
8/21/12,0
8/22/12,0
8/23/12,0
8/24/12,0
8/25/12,0
8/26/12,0
8/27/12,20.8
8/29/12,0
8/30/12,0
8/31/12,0
9/1/12,2.5
9/2/12,1.8
9/3/12,0
9/4/12,0
9/5/12,1.3
9/6/12,0
9/8/12,16.3
9/9/12,0
9/10/12,0
9/12/12,0
9/13/12,0
9/14/12,15.5
9/15/12,0
9/16/12,0
9/17/12,0
9/18/12,3.6
9/19/12,0
9/20/12,8.1
9/21/12,4.1
9/22/12,8.9
9/23/12,0
9/24/12,0
9/26/12,0
9/27/12,0
9/28/12,0
9/29/12,0
9/30/12,0
10/1/12,0
10/2/12,4.6
10/3/12,0.5
10/4/12,0
10/5/12,5.1
10/6/12,0
10/7/12,1
10/8/12,0
10/9/12,0
10/10/12,3.3
10/11/12,0
10/12/12,0
10/13/12,3.8
10/14/12,1.8
10/15/12,0
10/16/12,0
10/17/12,15
10/18/12,8.4
10/19/12,3.6
10/20/12,0.3
10/21/12,0
10/22/12,0.8
10/23/12,1
10/24/12,0.5
10/25/12,0
10/26/12,1.8
10/27/12,0
10/28/12,0
10/29/12,0
10/30/12,9.1
10/31/12,0
11/1/12,0
11/2/12,0
11/3/12,0
11/4/12,0
11/5/12,0
11/6/12,0
11/7/12,0
11/8/12,0
11/9/12,1
11/10/12,0
11/11/12,0
11/12/12,13
11/13/12,0
11/14/12,0
11/15/12,0
11/16/12,0
11/17/12,0
11/18/12,0
11/19/12,0
11/20/12,0
11/21/12,0
11/22/12,1.3
11/23/12,2.8
11/24/12,0
11/25/12,0
11/26/12,0
11/27/12,0
11/28/12,0
11/29/12,0
11/30/12,0
12/1/12,0
12/2/12,4.6
12/3/12,0
12/4/12,4.6
12/5/12,0
12/6/12,0
12/7/12,2.3
12/8/12,5.3
12/9/12,2.8
12/10/12,0
12/11/12,0
12/12/12,0
12/13/12,0
12/14/12,0
12/15/12,1
12/16/12,3.8
12/17/12,0
12/18/12,2.3
12/19/12,0
12/20/12,21.1
12/21/12,0
12/22/12,0
12/23/12,0
12/24/12,0.3
12/25/12,0
12/26/12,8.9
12/27/12,0
12/28/12,0
12/29/12,3.6
12/30/12,0
12/31/12,0
1/1/13,0
1/2/13,0
1/3/13,0
1/4/13,0
1/5/13,0
1/6/13,0
1/7/13,0
1/8/13,0
1/9/13,0
1/10/13,2
1/11/13,17.3
1/12/13,1.8
1/13/13,18.8
1/14/13,0
1/15/13,0
1/16/13,0
1/17/13,0
1/18/13,0
1/19/13,0
1/20/13,0
1/21/13,0.5
1/22/13,0.3
1/23/13,0.5
1/24/13,0
1/25/13,1
1/26/13,0
1/27/13,1.3
1/28/13,5.6
1/29/13,26.4
1/30/13,15
1/31/13,0
2/1/13,4.3
2/2/13,1.8
2/3/13,0
2/4/13,1.8
2/5/13,0.5
2/6/13,0
2/7/13,0.3
2/8/13,6.4
2/9/13,0
2/10/13,2.8
2/11/13,0
2/12/13,0
2/13/13,0
2/14/13,0
2/15/13,0
2/16/13,0
2/17/13,0
2/18/13,0
2/19/13,4.3
2/20/13,0.5
2/21/13,0
2/22/13,5.6
2/23/13,0
2/24/13,0
2/25/13,0
2/26/13,29.7
2/27/13,9.1
2/28/13,0
3/1/13,0
3/2/13,0
3/3/13,0
3/4/13,0
3/5/13,0
3/6/13,0
3/7/13,0
3/8/13,0
3/9/13,0
3/10/13,0
3/11/13,6.4
3/12/13,0
3/13/13,0
3/14/13,0
3/15/13,2
3/16/13,3
3/17/13,0
3/18/13,2.5
3/19/13,0
3/20/13,0
3/21/13,0
3/22/13,0
3/23/13,0
3/24/13,0
3/25/13,0
3/26/13,0
3/27/13,0
3/28/13,0
3/29/13,0
3/30/13,0
3/31/13,0
4/1/13,0
4/2/13,0
4/3/13,0
4/4/13,0
4/5/13,0
4/6/13,0
4/7/13,0
4/8/13,4.8
4/9/13,0
4/10/13,17.8
4/11/13,30.7
4/12/13,9.7
4/13/13,0.5
4/14/13,0
4/15/13,0
4/16/13,9.9
4/17/13,11.2
4/18/13,20.1
4/19/13,8.4
4/20/13,0
4/21/13,0
4/22/13,0
4/23/13,6.1
4/24/13,15.7
4/25/13,2.3
4/26/13,0
4/27/13,0
4/28/13,7.6
4/29/13,0
4/30/13,0
5/1/13,0
5/2/13,0
5/3/13,0
5/4/13,0
5/5/13,0
5/6/13,0
5/7/13,0
5/8/13,0
5/9/13,0
5/10/13,5.3
5/11/13,1.8
5/12/13,0
5/13/13,0
5/14/13,0
5/15/13,0
5/16/13,0
5/17/13,0
5/18/13,0
5/19/13,0
5/20/13,0
5/21/13,0
5/22/13,5.3
5/23/13,4.6
5/24/13,0
5/25/13,0
5/26/13,0
5/27/13,22.9
5/28/13,4.1
5/29/13,0
5/30/13,3
5/31/13,7.4
6/1/13,9.7
6/2/13,0
6/3/13,0
6/4/13,0
6/5/13,0
6/6/13,0
6/7/13,0
6/8/13,0
6/9/13,1
6/10/13,24.9
6/11/13,0
6/12/13,5.1
6/13/13,19.8
6/14/13,0
6/15/13,0
6/16/13,15.7
6/17/13,3.6
6/18/13,1.3
6/19/13,0
6/20/13,0
6/21/13,0
6/22/13,30.5
6/23/13,0
6/24/13,1.3
6/25/13,21.6
6/26/13,30.7
6/27/13,30
6/28/13,10.7
6/29/13,23.9
6/30/13,3
7/1/13,0.5
7/2/13,0
7/3/13,0
7/4/13,0
7/5/13,5.3
7/6/13,6.1
7/7/13,37.6
7/8/13,1
7/9/13,13.5
7/10/13,9.4
7/12/13,0
7/13/13,0
7/14/13,0
7/15/13,0
7/16/13,0
7/18/13,0
7/19/13,0
7/20/13,67.1
7/21/13,0
7/22/13,1.8
7/23/13,1.8
7/24/13,0
7/25/13,0
7/26/13,0
7/27/13,2.8
7/28/13,0
7/29/13,0
7/30/13,0
7/31/13,3.6
8/1/13,0
8/2/13,2.8
8/3/13,0
8/4/13,0
8/5/13,0
8/6/13,0.8
8/7/13,8.9
8/8/13,0
8/9/13,0
8/10/13,0
8/11/13,0
8/13/13,0
8/14/13,0
8/15/13,0
8/16/13,0
8/17/13,0
8/18/13,0
8/19/13,0
8/20/13,0
8/21/13,0
8/22/13,6.9
8/23/13,0
8/24/13,0
8/25/13,0
8/26/13,0
8/27/13,1.5
8/29/13,0
8/30/13,0
8/31/13,0
9/1/13,1.3
9/2/13,0
9/3/13,0
9/4/13,0
9/5/13,0
9/6/13,0
9/7/13,0.8
9/8/13,0
9/9/13,41.1
9/10/13,0
9/11/13,6.6
9/12/13,0
9/13/13,0
9/14/13,0
9/15/13,4.8
9/16/13,0
9/17/13,0
9/18/13,0
9/19/13,0.3
9/20/13,11.7
9/21/13,1.5
9/22/13,0
9/23/13,0
9/24/13,0
9/25/13,0
9/26/13,0
9/27/13,0
9/28/13,0
9/29/13,5.1
9/30/13,0
10/1/13,0
10/2/13,0
10/3/13,2
10/4/13,0
10/5/13,0.8
10/6/13,10.4
10/7/13,0
10/8/13,0
10/9/13,0
10/10/13,0
10/11/13,0
10/12/13,0
10/13/13,0
10/14/13,0
10/15/13,1.5
10/16/13,0
10/17/13,3.8
10/18/13,0
10/19/13,3.6
10/20/13,0
10/21/13,0.5
10/22/13,0
10/23/13,0.3
10/24/13,0
10/25/13,0
10/26/13,0.5
10/27/13,0
10/28/13,0
10/29/13,0
10/30/13,7.4
10/31/13,41.7
11/1/13,1.8
11/2/13,3
11/3/13,0
11/4/13,0
11/5/13,0
11/6/13,3.6
11/7/13,0.8
11/8/13,0
11/9/13,0
11/10/13,0
11/11/13,4.1
11/12/13,0
11/13/13,0
11/14/13,0
11/15/13,0
11/16/13,0.8
11/17/13,21.6
11/18/13,0
11/19/13,0
11/20/13,0
11/21/13,10.4
11/22/13,2.5
11/23/13,0
11/24/13,0
11/25/13,0
11/26/13,0
11/27/13,0
11/28/13,0
11/29/13,0
11/30/13,0
12/1/13,0
12/2/13,0
12/3/13,1
12/4/13,0
12/5/13,0
12/6/13,0
12/7/13,0
12/8/13,0.8
12/9/13,0
12/10/13,0
12/11/13,0
12/12/13,0
12/13/13,0
12/14/13,10.7
12/15/13,0
12/16/13,2.5
12/17/13,0
12/18/13,0
12/19/13,0
12/20/13,9.9
12/21/13,27.9
12/22/13,10.4
12/23/13,0
12/24/13,0
12/25/13,0
12/26/13,0.8
12/27/13,0
12/28/13,0
12/29/13,0
12/30/13,0
12/31/13,0.5
1/1/14,5.8
1/2/14,3.3
1/3/14,0
1/4/14,0
1/5/14,15.2
1/6/14,0
1/7/14,0
1/8/14,0
1/9/14,0.3
1/10/14,10.9
1/11/14,3.3
1/12/14,0
1/13/14,0
1/14/14,0
1/15/14,0
1/16/14,1.5
1/17/14,0
1/18/14,0.5
1/19/14,0
1/20/14,1.5
1/21/14,0
1/22/14,0.5
1/23/14,0
1/24/14,0
1/25/14,1.3
1/26/14,2.5
1/27/14,0.5
1/28/14,0
1/29/14,0
1/30/14,0.3
1/31/14,0.5
2/1/14,18.3
2/2/14,0
2/3/14,0
2/4/14,0
2/5/14,10.2
2/6/14,0
2/7/14,0
2/8/14,1.3
2/9/14,1.5
2/10/14,0
2/11/14,0
2/12/14,0
2/13/14,0
2/14/14,0
2/15/14,0
2/16/14,1
2/17/14,5.8
2/18/14,1.3
2/19/14,0
2/20/14,35.8
2/21/14,0
2/22/14,0
2/23/14,0
2/24/14,0
2/25/14,0
2/26/14,0
2/27/14,0
2/28/14,0
3/1/14,3.8
3/2/14,3
3/3/14,0
3/4/14,0
3/5/14,0
3/6/14,0
3/7/14,0
3/8/14,4.3
3/9/14,0
3/10/14,0
3/11/14,0
3/12/14,10.2
3/13/14,0
3/14/14,0
3/15/14,0
3/16/14,0
3/17/14,0
3/18/14,0
3/19/14,1.5
3/20/14,0
3/21/14,0
3/22/14,1
3/23/14,0
3/24/14,0
3/25/14,0
3/26/14,0
3/27/14,1.5
3/28/14,0.3
3/29/14,0
3/30/14,0
3/31/14,0
4/1/14,0
4/2/14,0
4/3/14,25.9
4/4/14,1.5
4/5/14,0
4/6/14,0
4/7/14,14
4/8/14,2.8
4/9/14,0
4/10/14,0
4/11/14,0
4/12/14,0
4/13/14,0
4/14/14,3.6
4/15/14,
4/16/14,0
4/17/14,0
4/18/14,0
4/19/14,0
4/20/14,0
4/21/14,0
4/22/14,0.3
4/23/14,0
4/24/14,0
4/25/14,10.9
4/26/14,0
4/27/14,0
4/28/14,2.8
4/29/14,29
4/30/14,0
5/1/14,0
5/2/14,0
5/3/14,0
5/4/14,0
5/5/14,0
5/6/14,0
5/7/14,18.5
5/8/14,0
5/9/14,4.6
5/10/14,0
5/11/14,0
5/12/14,11.4
5/13/14,2.8
5/14/14,12.2
5/15/14,13.7
5/16/14,0
5/17/14,2.3
5/18/14,0
5/19/14,0
5/20/14,1.3
5/21/14,2.8
5/22/14,0
5/23/14,0
5/24/14,0
5/25/14,0
5/26/14,0
5/27/14,2.5
5/28/14,1.8
5/29/14,0
5/30/14,0
5/31/14,0
6/1/14,0
6/2/14,2
6/3/14,0
6/4/14,8.1
6/5/14,0
6/6/14,0
6/7/14,0
6/8/14,6.6
6/9/14,0
6/10/14,0
6/11/14,9.7
6/12/14,0
6/13/14,0
6/14/14,0
6/15/14,0
6/16/14,0
6/17/14,0
6/18/14,46.7
6/19/14,1.8
6/20/14,9.7
6/21/14,0
6/22/14,0
6/23/14,4.3
6/24/14,8.4
6/25/14,2
6/26/14,0
6/27/14,0
6/28/14,11.4
6/29/14,0
6/30/14,0
7/1/14,15.2
7/2/14,0
7/3/14,1
7/4/14,0
7/5/14,0
7/6/14,0
7/7/14,0
7/8/14,6.1
7/9/14,0
7/10/14,0
7/11/14,0
7/12/14,0
7/13/14,7.6
7/14/14,1
7/15/14,0
7/16/14,0
7/17/14,0
7/18/14,0
7/19/14,0.5
7/20/14,0
7/21/14,0
7/22/14,0
7/23/14,0
7/24/14,0
7/25/14,0.5
7/26/14,0
7/27/14,8.6
7/28/14,0
7/29/14,6.4
7/30/14,5.3
7/31/14,0
8/1/14,2
8/2/14,0
8/3/14,0
8/4/14,0
8/5/14,0.8
8/6/14,0
8/7/14,0
8/8/14,0
8/9/14,0
8/10/14,0
8/11/14,38.4
8/12/14,1.3
8/13/14,0
8/14/14,0
8/15/14,0
8/16/14,0
8/17/14,1.5
8/18/14,0
8/19/14,24.1
8/20/14,2.3
8/21/14,0
8/22/14,0
8/23/14,0
8/24/14,0
8/25/14,0
8/26/14,0
8/27/14,0
8/28/14,0
8/29/14,0
8/30/14,0
8/31/14,3.6
9/1/14,0.5
9/2/14,7.9
9/3/14,0
9/4/14,2.5
9/5/14,5.8
9/6/14,3.6
9/7/14,0
9/8/14,0
9/9/14,0
9/10/14,58.9
9/11/14,0
9/12/14,0
9/13/14,2.5
9/14/14,0
9/15/14,2.5
9/16/14,0
9/17/14,0
9/18/14,0
9/19/14,0
9/20/14,19.8
9/21/14,2
9/22/14,0
9/23/14,0
9/24/14,0
9/25/14,0
9/26/14,0
9/27/14,0
9/28/14,0
9/29/14,0
9/30/14,6.4
10/1/14,0
10/2/14,14
10/3/14,11.7
10/4/14,5.3
10/5/14,0.8
10/6/14,1.3
10/7/14,2
10/8/14,0
10/9/14,0
10/10/14,0
10/11/14,0
10/12/14,0
10/13/14,8.4
10/14/14,9.7
10/15/14,2.5
10/16/14,7.9
10/17/14,2.5
10/18/14,0
10/19/14,0
10/20/14,2.5
10/21/14,0.5
10/22/14,0
10/23/14,0
10/24/14,0
10/25/14,0
10/26/14,0
10/27/14,0
10/28/14,7.1
10/29/14,0.3
10/30/14,0
10/31/14,6.4
11/1/14,0
11/2/14,0
11/3/14,0
11/4/14,2.5
11/5/14,0
11/6/14,4.8
11/7/14,0
11/8/14,1
11/9/14,0
11/10/14,0
11/11/14,1
11/12/14,0
11/13/14,0
11/14/14,0
11/15/14,0
11/16/14,2
11/17/14,0
11/18/14,0
11/19/14,0
11/20/14,0
11/21/14,0
11/22/14,1.8
11/23/14,20.6
11/24/14,10.2
11/25/14,0
11/26/14,0
11/27/14,0.8
11/28/14,0.3
11/29/14,0
11/30/14,1
12/1/14,0
12/2/14,0
12/3/14,0
12/4/14,0
12/5/14,0
12/6/14,0
12/7/14,0
12/8/14,2.8
12/9/14,0
12/10/14,0
12/11/14,0
12/12/14,0
12/13/14,0
12/14/14,0
12/15/14,3.8
12/16/14,8.6
12/17/14,0
12/18/14,0
12/19/14,0
12/20/14,0
12/21/14,0
12/22/14,0.8
12/23/14,2
12/24/14,17.8
12/25/14,2
12/26/14,0
12/27/14,1.8
12/28/14,0
12/29/14,0
12/30/14,0
12/31/14,0
1/1/15,0
1/2/15,0
1/3/15,13
1/4/15,2
1/5/15,0
1/6/15,1.8
1/7/15,0
1/8/15,1
1/9/15,0
1/10/15,0
1/11/15,1.3
1/12/15,2
1/13/15,0
1/14/15,0
1/15/15,0
1/16/15,0
1/17/15,0
1/18/15,0
1/19/15,0
1/20/15,0.5
1/21/15,1.8
1/22/15,0
1/23/15,0
1/24/15,0
1/25/15,0
1/26/15,0
1/27/15,0
1/28/15,0
1/29/15,0.3
1/30/15,0
1/31/15,0
2/1/15,16
2/2/15,0
2/3/15,3
2/4/15,2.5
2/5/15,0
2/6/15,0
2/7/15,0
2/8/15,2.3
2/9/15,0
2/10/15,0
2/11/15,0
2/12/15,0
2/13/15,0
2/14/15,1.5
2/15/15,0
2/16/15,0
2/17/15,0.3
2/18/15,0
2/19/15,0
2/20/15,0
2/21/15,1
2/22/15,0
2/23/15,0
2/24/15,0
2/25/15,0
2/26/15,0.3
2/27/15,0
2/28/15,0
3/1/15,2.5
3/2/15,0
3/3/15,4.3
3/4/15,0
3/5/15,0
3/6/15,0
3/7/15,0
3/8/15,0
3/9/15,0
3/10/15,0
3/11/15,0
3/12/15,0
3/13/15,0
3/14/15,0
3/15/15,0
3/16/15,0
3/17/15,0
3/18/15,0
3/19/15,0
3/20/15,0
3/21/15,0
3/22/15,0
3/23/15,0
3/24/15,0
3/25/15,6.6
3/26/15,4.8
3/27/15,0
3/28/15,0
3/29/15,0.3
3/30/15,0.5
3/31/15,1
4/1/15,0
4/2/15,4.1
4/3/15,0.3
4/4/15,0
4/5/15,0
4/6/15,0
4/7/15,3.6
4/8/15,1.5
4/9/15,33.5
4/10/15,3
4/11/15,0
4/12/15,0
4/13/15,0
4/14/15,0
4/15/15,0
4/16/15,1
4/17/15,0
4/18/15,0
4/19/15,11.7
4/20/15,7.4
4/21/15,0.3
4/22/15,0
4/23/15,0
4/24/15,0
4/25/15,2.5
4/26/15,0
4/27/15,0
4/28/15,0
4/29/15,2.5
4/30/15,3.6
5/1/15,0
5/2/15,0
5/3/15,0
5/4/15,1.8
5/5/15,10.2
5/6/15,1.3
5/7/15,0
5/8/15,2
5/9/15,0.5
5/10/15,6.1
5/11/15,4.1
5/12/15,0
5/13/15,0
5/14/15,0
5/15/15,3.3
5/16/15,2
5/17/15,0
5/18/15,0
5/19/15,0
5/20/15,0
5/21/15,0.3
5/22/15,0
5/23/15,0
5/24/15,0
5/25/15,0
5/26/15,4.6
5/27/15,6.9
5/28/15,0
5/29/15,0
5/30/15,23.4
5/31/15,35.6
6/1/15,0
6/2/15,0
6/3/15,0
6/4/15,0
6/5/15,0
6/6/15,0
6/7/15,4.6
6/8/15,6.1
6/9/15,0
6/10/15,17.8
6/11/15,4.1
6/12/15,43.7
6/13/15,2
6/14/15,17
6/15/15,9.7
6/16/15,1.3
6/17/15,0
6/18/15,12.2
6/19/15,0
6/20/15,0
6/21/15,0.5
6/22/15,0
6/23/15,38.4
6/24/15,0
6/25/15,17
6/26/15,0.5
6/27/15,98.6
6/28/15,0
6/29/15,0
6/30/15,0
7/1/15,0
7/2/15,0
7/3/15,0
7/4/15,0
7/5/15,0
7/6/15,0
7/7/15,5.1
7/8/15,0
7/9/15,25.7
7/10/15,0
7/11/15,0
7/12/15,0
7/13/15,1.5
7/14/15,7.4
7/15/15,0
7/16/15,0
7/17/15,6.1
7/18/15,6.1
7/19/15,0
7/20/15,0
7/21/15,0
7/22/15,0
7/23/15,0
7/24/15,0
7/25/15,3.6
7/26/15,0
7/27/15,0
7/28/15,0
7/29/15,25.4
7/30/15,0
7/31/15,0
8/1/15,0
8/2/15,0
8/3/15,15
8/4/15,0
8/5/15,0
8/6/15,0
8/7/15,0
8/8/15,0
8/9/15,0
8/10/15,4.1
8/11/15,0
8/12/15,0
8/13/15,0
8/14/15,4.6
8/15/15,0
8/16/15,0
8/17/15,0.5
8/18/15,0
8/19/15,3.6
8/20/15,7.9
8/21/15,0
8/22/15,0
8/23/15,1
8/24/15,0
8/25/15,0
8/26/15,0
8/27/15,0
8/28/15,0
8/29/15,1
8/30/15,0
8/31/15,0
9/1/15,0
9/2/15,0
9/3/15,6.9
9/4/15,0
9/5/15,28.7
9/6/15,0
9/7/15,0
9/8/15,0
9/9/15,0
9/10/15,0
9/11/15,4.1
9/12/15,0.5
9/13/15,0
9/14/15,0
9/15/15,0
9/16/15,0
9/17/15,0
9/18/15,13.2
9/19/15,15
9/20/15,0
9/21/15,0
9/22/15,0
9/23/15,0
9/24/15,0
9/25/15,0
9/26/15,0
9/27/15,0
9/28/15,0
9/29/15,4.6
9/30/15,0
10/1/15,0
10/2/15,0
10/3/15,4.6
10/4/15,0
10/5/15,0
10/6/15,0
10/7/15,0
10/8/15,0
10/9/15,0.5
10/10/15,0
10/11/15,0
10/12/15,0
10/13/15,0
10/14/15,0
10/15/15,2
10/16/15,1.5
10/17/15,0
10/18/15,0
10/19/15,0
10/20/15,0
10/21/15,0
10/22/15,0
10/23/15,0
10/24/15,8.6
10/25/15,0.8
10/26/15,0
10/27/15,2
10/28/15,28.2
10/29/15,0.5
10/30/15,0
10/31/15,
11/1/15,0.8
11/2/15,0
11/3/15,0
11/4/15,0
11/5/15,0.5
11/6/15,4.6
11/7/15,0
11/8/15,0
11/9/15,0.3
11/10/15,7.4
11/11/15,0.8
11/12/15,2.5
11/13/15,0.5
11/14/15,0
11/15/15,0
11/16/15,0
11/17/15,0
11/18/15,5.6
11/19/15,0
11/20/15,0
11/21/15,10.2
11/22/15,0
11/23/15,0
11/24/15,0
11/25/15,0
11/26/15,0
11/27/15,15.5
11/28/15,0
11/29/15,0
11/30/15,0
12/1/15,5.8
12/2/15,1.3
12/3/15,0
12/4/15,0
12/5/15,0
12/6/15,0
12/7/15,0
12/8/15,0
12/9/15,0
12/10/15,0
12/11/15,0
12/12/15,0
12/13/15,0.8
12/14/15,6.6
12/15/15,0
12/16/15,0.5
12/17/15,0
12/18/15,0
12/19/15,0
12/20/15,0
12/21/15,13
12/22/15,1
12/23/15,26.9
12/24/15,0
12/25/15,0
12/26/15,5.3
12/27/15,7.6
12/28/15,26.7
12/29/15,0.8
12/30/15,0
12/31/15,0
1/1/16,0
1/2/16,0
1/3/16,0
1/4/16,0
1/5/16,0
1/6/16,0
1/7/16,0
1/8/16,3.8
1/9/16,3
1/10/16,5.8
1/11/16,1.3
1/12/16,1.5
1/13/16,1.3
1/14/16,0
1/15/16,4.6
1/16/16,0
1/17/16,0
1/19/16,0
1/20/16,0.8
1/21/16,0
1/22/16,0
1/23/16,0
1/24/16,0
1/25/16,0
1/26/16,0
1/27/16,0
1/28/16,0
1/29/16,0
1/30/16,0
1/31/16,2.8
2/1/16,0
2/2/16,10.2
2/3/16,1.3
2/4/16,0.8
2/5/16,0
2/6/16,0
2/7/16,0
2/8/16,0
2/9/16,2.3
2/10/16,0
2/11/16,0
2/12/16,0.8
2/13/16,0
2/14/16,0
2/15/16,0
2/16/16,0
2/17/16,0.8
2/18/16,0
2/19/16,0
2/20/16,0
2/21/16,0
2/22/16,0
2/23/16,0
2/24/16,17
2/25/16,2
2/26/16,0
2/27/16,0
2/28/16,7.4
2/29/16,1
3/1/16,7.6
3/2/16,0
3/3/16,3
3/4/16,0
3/5/16,1
3/6/16,0
3/7/16,0
3/8/16,0
3/9/16,0.8
3/10/16,3.3
3/11/16,0
3/12/16,0.5
3/13/16,10.7
3/14/16,2
3/15/16,0
3/16/16,0.8
3/17/16,0
3/18/16,0
3/19/16,0
3/20/16,0
3/21/16,0
3/22/16,0
3/23/16,0
3/24/16,29.7
3/25/16,0
3/26/16,0
3/27/16,8.1
3/28/16,6.1
3/29/16,0
3/30/16,1.3
3/31/16,21.3
4/1/16,0
4/2/16,4.6
4/3/16,0
4/4/16,0
4/5/16,0
4/6/16,5.3
4/7/16,6.1
4/8/16,10.2
4/9/16,22.9
4/10/16,15.2
4/11/16,1.8
4/12/16,0
4/13/16,0
4/14/16,0
4/15/16,0
4/16/16,0
4/17/16,0
4/18/16,0
4/19/16,0
4/20/16,0
4/21/16,6.4
4/22/16,0.8
4/23/16,0
4/24/16,0
4/25/16,0
4/26/16,16.8
4/27/16,0
4/28/16,5.3
4/29/16,0
4/30/16,10.2
5/1/16,7.1
5/2/16,13.2
5/3/16,0.8
5/4/16,1.3
5/5/16,1.3
5/6/16,0
5/7/16,0
5/8/16,0
5/9/16,0
5/10/16,5.8
5/11/16,0.8
5/12/16,14
5/13/16,0
5/14/16,6.4
5/15/16,0.8
5/16/16,0
5/17/16,2
5/18/16,0
5/19/16,0
5/20/16,0
5/21/16,0
5/22/16,0
5/23/16,0
5/24/16,0
5/25/16,0
5/26/16,0
5/27/16,0
5/28/16,0
5/29/16,0
5/30/16,0
5/31/16,0
6/1/16,7.9
6/2/16,0
6/3/16,0
6/4/16,40.6
6/5/16,7.6
6/6/16,0.5
6/7/16,0
6/8/16,0
6/9/16,0
6/10/16,0
6/11/16,0
6/12/16,0
6/13/16,0
6/14/16,0
6/16/16,1.5
6/17/16,0
6/18/16,0
6/20/16,1.5
6/21/16,
6/22/16,1.8
6/23/16,9.9
6/24/16,0
6/25/16,0
6/26/16,3.3
6/27/16,0
6/28/16,0
6/29/16,0
6/30/16,0
7/1/16,0.5
7/2/16,0
7/3/16,0
7/4/16,0
7/5/16,0
7/6/16,0
7/7/16,38.9
7/8/16,6.4
7/9/16,0
7/10/16,0
7/11/16,0
7/12/16,4.3
7/13/16,3
7/14/16,0
7/15/16,0
7/16/16,0
7/17/16,0
7/18/16,0.8
7/19/16,0
7/20/16,0
7/21/16,1.5
7/22/16,0
7/23/16,0
7/24/16,1.8
7/25/16,2.5
7/26/16,0
7/27/16,0
7/28/16,1.8
7/29/16,0.8
7/30/16,127.5
7/31/16,0.8
8/1/16,0
8/2/16,0
8/3/16,0
8/4/16,0
8/5/16,3.6
8/6/16,0
8/7/16,0
8/8/16,0
8/9/16,0
8/10/16,0
8/11/16,0
8/12/16,0
8/13/16,11.2
8/14/16,0
8/15/16,9.1
8/16/16,20.6
8/17/16,16.5
8/18/16,0
8/19/16,0
8/20/16,2
8/21/16,0
8/22/16,0
8/23/16,0
8/24/16,0
8/25/16,0
8/26/16,0
8/27/16,18.3
8/28/16,0
8/29/16,0
8/30/16,2.5
8/31/16,0
9/1/16,0
9/2/16,0
9/3/16,0
9/4/16,0
9/5/16,0
9/6/16,0.5
9/7/16,0
9/8/16,1.3
9/9/16,0
9/10/16,0
9/11/16,0
9/12/16,0
9/13/16,0
9/14/16,0
9/15/16,0
9/16/16,0
9/17/16,6.1
9/18/16,0
9/19/16,0
9/20/16,0
9/21/16,0
9/22/16,0
9/23/16,0
9/24/16,0
9/25/16,0
9/26/16,10.9
9/27/16,0
9/28/16,7.4
9/29/16,15.7
9/30/16,16.5
10/1/16,9.7
10/2/16,0
10/3/16,0
10/4/16,0
10/5/16,2
10/6/16,0
10/7/16,0
10/8/16,0
10/9/16,0
10/10/16,0
10/11/16,0
10/12/16,3
10/13/16,0
10/14/16,0
10/15/16,0
10/16/16,17
10/17/16,0
10/18/16,1.5
10/19/16,0.8
10/20/16,32.8
10/21/16,0.8
10/22/16,0
10/23/16,0
10/24/16,0
10/25/16,0
10/26/16,27.7
10/27/16,4.3
10/28/16,0
10/29/16,0
10/30/16,7.9
10/31/16,0
11/1/16,0
11/2/16,15.2
11/3/16,3
11/4/16,0
11/5/16,0
11/6/16,0
11/7/16,0
11/8/16,0.3
11/9/16,0
11/10/16,0
11/11/16,0
11/12/16,0
11/13/16,0
11/14/16,0
11/15/16,0
11/16/16,0
11/17/16,0
11/18/16,4.1
11/19/16,3
11/20/16,0
11/21/16,0
11/22/16,0
11/23/16,11.9
11/24/16,0.5
11/25/16,0
11/26/16,0.5
11/27/16,0
11/28/16,20.6
11/29/16,1
11/30/16,0
12/1/16,0.3
12/2/16,0
12/3/16,0
12/4/16,0.5
12/5/16,0
12/6/16,4.1
12/7/16,0
12/8/16,0.3
12/9/16,0.5
12/10/16,0
12/11/16,19.3
12/12/16,0
12/13/16,0
12/14/16,2
12/15/16,1
12/16/16,1.8
12/17/16,2
12/18/16,0
12/19/16,0
12/20/16,0
12/21/16,0
12/22/16,0
12/23/16,2
12/24/16,1.5
12/25/16,0.8
12/26/16,16.3
12/27/16,0
12/28/16,0.5
12/29/16,0
12/30/16,0
12/31/16,0
1/1/17,0
1/2/17,0
1/3/17,3.6
1/4/17,0
1/5/17,0
1/6/17,0
1/7/17,0
1/8/17,0
1/9/17,0.3
1/10/17,16.5
1/11/17,2.3
1/12/17,16.5
1/13/17,0
1/14/17,0
1/15/17,0
1/16/17,3
1/17/17,13.2
1/18/17,0.8
1/19/17,0
1/20/17,4.6
1/21/17,0
1/22/17,0
1/23/17,2.5
1/24/17,2
1/25/17,0.5
1/26/17,0.5
1/27/17,0.8
1/28/17,0.8
1/29/17,0.5
1/30/17,0.3
1/31/17,5.8
2/1/17,0
2/2/17,0
2/3/17,0
2/4/17,0
2/5/17,0
2/6/17,0
2/7/17,26.2
2/8/17,0
2/9/17,0
2/10/17,0
2/11/17,0
2/12/17,7.1
2/13/17,0
2/14/17,0
2/15/17,0
2/16/17,0
2/17/17,0
2/18/17,0
2/19/17,0
2/20/17,0
2/21/17,0
2/22/17,0
2/23/17,0.8
2/24/17,15
2/25/17,1.3
2/26/17,0
2/27/17,0
2/28/17,7.1
3/1/17,24.6
3/2/17,0
3/3/17,0
3/4/17,0
3/5/17,0
3/6/17,1.8
3/7/17,3.8
3/8/17,0
3/9/17,0
3/10/17,0
3/11/17,0
3/12/17,0
3/13/17,4.8
3/14/17,0
3/15/17,0
3/16/17,0
3/17/17,8.4
3/18/17,0
3/19/17,0
3/20/17,4.6
3/21/17,0
3/22/17,0
3/23/17,0
3/24/17,5.3
3/25/17,0
3/26/17,8.1
3/27/17,0.3
3/28/17,0
3/29/17,0
3/30/17,45
3/31/17,0.5
4/1/17,0
4/2/17,0
4/3/17,6.6
4/4/17,4.6
4/5/17,24.1
4/6/17,15.7
4/7/17,0
4/8/17,0
4/9/17,0
4/10/17,10.9
4/11/17,6.4
4/12/17,0
4/13/17,0
4/14/17,0
4/15/17,0
4/16/17,0
4/17/17,0
4/18/17,0
4/19/17,0.5
4/20/17,7.4
4/21/17,0
4/22/17,0
4/23/17,0
4/24/17,0
4/25/17,0
4/26/17,2.8
4/27/17,1.8
4/28/17,0.3
4/29/17,0.5
4/30/17,19.8
5/1/17,3.8
5/2/17,1.3
5/3/17,0
5/4/17,29.5
5/5/17,11.2
5/6/17,0
5/7/17,0
5/8/17,0
5/9/17,0
5/10/17,0
5/11/17,7.1
5/12/17,0
5/13/17,0
5/14/17,0
5/15/17,0
5/16/17,0
5/17/17,0
5/18/17,0
5/19/17,1.8
5/20/17,6.4
5/21/17,0.8
5/22/17,0
5/23/17,0.8
5/24/17,3.3
5/25/17,7.1
5/26/17,0
5/27/17,3.6
5/28/17,6.1
5/29/17,3
5/30/17,0.8
5/31/17,0
6/1/17,0
6/2/17,0
6/3/17,0
6/4/17,0
6/5/17,0
6/6/17,0
6/7/17,0
6/8/17,0
6/9/17,0
6/10/17,0
6/11/17,0
6/12/17,0
6/13/17,0
6/14/17,0
6/15/17,0
6/16/17,0
6/17/17,2
6/18/17,0
6/19/17,8.1
6/20/17,2.3
6/21/17,0
6/22/17,2.3
6/23/17,14.2
6/24/17,0
6/25/17,0
6/26/17,0
6/27/17,0
6/28/17,0
6/29/17,0
6/30/17,35.3
7/1/17,0
7/2/17,0
7/3/17,2.8
7/4/17,0
7/5/17,0
7/6/17,0
7/7/17,2
7/8/17,0
7/9/17,0
7/10/17,18.8
7/11/17,1.8
7/12/17,1.3
7/13/17,11.2
7/14/17,0
7/15/17,0
7/16/17,0
7/17/17,0
7/18/17,0
7/19/17,0
7/20/17,0
7/21/17,0
7/22/17,7.9
7/23/17,6.6
7/24/17,0
7/25/17,0
7/26/17,0
7/27/17,0
7/28/17,0
7/29/17,0
7/30/17,0
7/31/17,0
8/1/17,0
8/2/17,6.1
8/3/17,0.8
8/4/17,5.8
8/5/17,0
8/6/17,0
8/7/17,0
8/8/17,0
8/9/17,0
8/10/17,0
8/11/17,0.5
8/12/17,0
8/13/17,0
8/14/17,0
8/15/17,0
8/16/17,0
8/17/17,21.6
8/18/17,0
8/19/17,1.8
8/20/17,0
8/21/17,0
8/22/17,3
8/23/17,0
8/24/17,0
8/25/17,0
8/26/17,0
8/27/17,0
8/28/17,14.5
8/29/17,5.3
8/30/17,0
8/31/17,0
9/1/17,0
9/2/17,0
9/3/17,0.5
9/4/17,15.2
9/5/17,0
9/6/17,0
9/7/17,6.6
9/8/17,0
9/9/17,0
9/10/17,0
9/11/17,0
9/12/17,0
9/13/17,0.5
9/14/17,0
9/15/17,0
9/16/17,0
9/17/17,0
9/18/17,0
9/19/17,6.4
9/20/17,0
9/21/17,0
9/22/17,0
9/23/17,0
9/24/17,0
9/25/17,0
9/26/17,0
9/27/17,0
9/28/17,0
9/29/17,0.3
9/30/17,0
10/1/17,0
10/2/17,0
10/3/17,0
10/4/17,1.5
10/5/17,0.8
10/6/17,4.3
10/7/17,6.4
10/8/17,0.3
10/9/17,4.8
10/10/17,0
10/11/17,32.5
10/12/17,0
10/13/17,0
10/14/17,1.3
10/15/17,0.8
10/16/17,0
10/17/17,0
10/18/17,0
10/19/17,0
10/20/17,0
10/21/17,0
10/22/17,0
10/23/17,15.2
10/24/17,4.8
10/25/17,1.8
10/26/17,0
10/27/17,8.9
10/28/17,0
10/29/17,0
10/30/17,0.3
10/31/17,0
11/1/17,12.7
11/2/17,42.9
11/3/17,1.3
11/4/17,9.9
11/5/17,21.3
11/6/17,0
11/7/17,0
11/8/17,0
11/9/17,0
11/10/17,0
11/11/17,0
11/12/17,3
11/13/17,0
11/14/17,0
11/15/17,8.9
11/16/17,0
11/17/17,3.6
11/18/17,41.9
11/19/17,0
11/20/17,0
11/21/17,0
11/22/17,0
11/23/17,0
11/24/17,0
11/25/17,0
11/26/17,0
11/27/17,0
11/28/17,0
11/29/17,0
11/30/17,4.3
12/1/17,0
12/2/17,0
12/3/17,0
12/4/17,1.3
12/5/17,0.8
12/6/17,0
12/7/17,0.5
12/8/17,0
12/9/17,2
12/10/17,0
12/11/17,5.1
12/12/17,0
12/13/17,6.6
12/14/17,0
12/15/17,0
12/16/17,0
12/17/17,0
12/18/17,0
12/19/17,0
12/20/17,0
12/21/17,0
12/22/17,0
12/23/17,1.8
12/24/17,
12/25/17,0
12/26/17,0
12/27/17,0
12/28/17,0.8
12/29/17,0.8
12/30/17,0.5
12/31/17,0
1/1/18,0
1/2/18,0
1/3/18,0
1/4/18,0
1/5/18,0
1/6/18,0
1/7/18,0
1/8/18,5.1
1/9/18,0
1/10/18,1
1/11/18,0.8
1/12/18,6.1
1/13/18,0
1/14/18,0
1/15/18,3
1/16/18,0.5
1/17/18,0
1/18/18,0
1/19/18,0
1/20/18,0
1/21/18,0.8
1/22/18,8.9
1/23/18,4.8
1/24/18,0
1/25/18,0
1/26/18,0
1/27/18,0.3
1/28/18,0
1/29/18,7.6
1/30/18,0
1/31/18,0
2/1/18,0
2/2/18,0
2/3/18,0
2/4/18,1
2/5/18,1.3
2/6/18,2.5
2/7/18,3.6
2/8/18,0
2/9/18,12.7
2/10/18,1.3
2/11/18,1.8
2/12/18,0
2/13/18,0
2/14/18,0
2/15/18,11.2
2/16/18,0
2/17/18,0.5
2/18/18,0
2/19/18,21.3
2/20/18,20.8
2/21/18,16.3
2/22/18,0
2/23/18,9.9
2/24/18,1.5
2/25/18,1.5
2/26/18,0
2/27/18,0
2/28/18,0
3/1/18,33
3/2/18,0
3/3/18,0
3/4/18,0
3/5/18,0
3/6/18,4.8
3/7/18,1
3/8/18,0
3/9/18,0
3/10/18,0
3/11/18,0
3/12/18,0
3/13/18,0
3/14/18,0
3/15/18,0
3/16/18,0
3/17/18,0
3/18/18,0
3/19/18,0
3/20/18,0
3/21/18,0
3/22/18,0
3/23/18,0
3/24/18,0
3/25/18,0
3/26/18,0
3/27/18,14.2
3/28/18,0
3/29/18,15
3/30/18,0.5
3/31/18,3.6
4/1/18,0
4/2/18,0
4/3/18,26.2
4/4/18,0
4/5/18,0
4/6/18,2
4/7/18,0
4/8/18,0
4/9/18,0.5
4/10/18,0
4/11/18,0
4/12/18,2
4/13/18,0
4/14/18,24.1
4/15/18,19.8
4/16/18,1.3
4/17/18,0
4/18/18,0.5
4/19/18,1
4/20/18,0
4/21/18,0
4/22/18,0
4/23/18,0
4/24/18,3
4/25/18,1.3
4/26/18,0
4/27/18,0
4/28/18,10.9
4/29/18,0
4/30/18,0
5/1/18,0
5/2/18,12.2
5/3/18,27.2
5/4/18,3.8
5/5/18,0
5/6/18,0
5/7/18,0
5/8/18,0
5/9/18,0
5/10/18,8.1
5/11/18,6.6
5/12/18,15
5/13/18,31.5
5/14/18,21.1
5/15/18,5.8
5/16/18,0
5/17/18,0
5/18/18,2
5/19/18,22.1
5/20/18,0
5/21/18,19.8
5/22/18,0
5/23/18,0
5/24/18,0
5/25/18,0
5/26/18,0.3
5/27/18,0
5/28/18,0
5/29/18,0
5/30/18,16.8
5/31/18,5.1
6/1/18,0
6/2/18,0
6/3/18,0
6/4/18,0
6/5/18,1.3
6/6/18,0
6/7/18,0
6/8/18,0
6/9/18,3.8
6/10/18,10.7
6/11/18,0.3
6/12/18,1.5
6/13/18,0
6/14/18,0
6/15/18,0
6/16/18,0
6/17/18,0
6/18/18,26.7
6/19/18,0.5
6/20/18,9.7
6/21/18,0.3
6/22/18,12.2
6/23/18,1.3
6/24/18,0
6/25/18,0
6/26/18,0
6/27/18,2
6/28/18,0
6/29/18,0
6/30/18,0
7/1/18,2.5
7/2/18,0
7/3/18,0
7/4/18,0
7/5/18,0
7/6/18,0
7/7/18,0
7/8/18,0
7/9/18,0
7/10/18,0
7/11/18,0
7/12/18,0
7/13/18,0
7/14/18,0
7/15/18,0
7/16/18,0
7/17/18,0
7/18/18,0
7/19/18,0
7/20/18,3
7/21/18,0.3
7/22/18,7.6
7/23/18,0
7/24/18,0
7/25/18,0
7/26/18,0
7/27/18,0
7/28/18,2.5
7/29/18,0
7/30/18,0
7/31/18,40.6
8/1/18,6.4
8/2/18,0
8/3/18,0
8/4/18,0
8/5/18,0
8/6/18,24.1
8/7/18,1.3
8/8/18,0.5
8/9/18,12.7
8/10/18,0
8/11/18,1.5
8/12/18,3.6
8/13/18,0
8/14/18,0
8/15/18,0
8/16/18,6.9
8/17/18,7.4
8/18/18,4.1
8/19/18,0
8/20/18,8.4
8/21/18,7.9
8/22/18,0
8/23/18,0
8/24/18,0
8/25/18,8.1
8/26/18,0.8
8/27/18,0
8/28/18,0
8/29/18,0
8/30/18,0
8/31/18,0
9/1/18,13.2
9/2/18,0
9/3/18,45.7
9/4/18,0.3
9/5/18,0
9/6/18,0
9/7/18,0
9/8/18,0
9/9/18,1
9/10/18,2
9/11/18,0
9/12/18,0
9/13/18,0
9/14/18,0
9/15/18,0
9/16/18,0
9/17/18,0
9/18/18,0
9/19/18,0
9/20/18,11.4
9/21/18,0
9/22/18,0
9/23/18,0
9/24/18,3.8
9/25/18,31.2
9/26/18,4.6
9/27/18,0
9/28/18,0
9/29/18,0
9/30/18,0.5
10/1/18,0
10/2/18,7.6
10/3/18,0
10/4/18,0
10/5/18,1.5
10/6/18,66.5
10/7/18,1.3
10/8/18,0.5
10/9/18,0
10/10/18,3.8
10/11/18,0
10/12/18,3
10/13/18,0
10/14/18,1.5
10/15/18,0.8
10/16/18,0
10/17/18,0
10/18/18,0
10/19/18,2
10/20/18,7.1
10/21/18,0
10/22/18,0
10/23/18,0
10/24/18,0
10/25/18,0
10/26/18,0.5
10/27/18,2.8
10/28/18,14.7
10/29/18,0
10/30/18,0
10/31/18,17.8
11/1/18,33.8
11/2/18,8.1
11/3/18,0
11/4/18,0
11/5/18,4.3
11/6/18,7.4
11/7/18,0
11/8/18,0
11/9/18,0.8
11/10/18,0
11/11/18,0
11/12/18,0
11/13/18,2.8
11/14/18,0
11/15/18,5.6
11/16/18,0
11/17/18,0
11/18/18,3.8
11/19/18,0
11/20/18,1.5
11/21/18,0
11/22/18,0
11/23/18,0
11/24/18,9.7
11/25/18,0
11/26/18,10.2
11/27/18,0
11/28/18,0
11/29/18,0
11/30/18,0
12/1/18,14
12/2/18,1.3
12/3/18,1
12/4/18,0
12/5/18,0
12/6/18,0.3
12/7/18,0
12/8/18,0
12/9/18,0
12/10/18,0
12/11/18,0
12/12/18,0.3
12/13/18,1.3
12/14/18,1.8
12/15/18,0
12/16/18,0
12/17/18,0
12/18/18,0
12/19/18,0
12/20/18,6.4
12/21/18,7.1
12/22/18,0
12/23/18,0
12/24/18,0
12/25/18,0
12/26/18,0
12/27/18,10.7
12/28/18,0
12/29/18,0
12/30/18,0
12/31/18,23.4
1/1/19,0
1/2/19,0.5
1/3/19,0
1/4/19,0
1/5/19,0
1/6/19,0
1/7/19,1.8
1/8/19,1.8
1/9/19,0
1/10/19,0
1/11/19,0
1/12/19,1.8
1/13/19,0
1/14/19,0
1/15/19,0
1/16/19,0
1/17/19,1.3
1/18/19,0.8
1/19/19,8.4
1/20/19,0
1/21/19,0
1/22/19,0
1/23/19,14.7
1/24/19,0
1/25/19,0
1/26/19,3.3
1/27/19,0
1/28/19,8.6
1/29/19,0
1/30/19,0
1/31/19,0
2/1/19,0
2/2/19,0
2/3/19,0
2/4/19,3
2/5/19,0
2/6/19,12.2
2/7/19,2.5
2/8/19,0
2/9/19,0
2/10/19,0.5
2/11/19,0
2/12/19,16
2/13/19,0
2/14/19,0
2/15/19,0
2/16/19,0
2/17/19,1.8
2/18/19,0
2/19/19,0
2/20/19,0
2/21/19,0
2/22/19,0
2/23/19,0
2/24/19,4.6
2/25/19,0
2/26/19,0
2/27/19,0
2/28/19,0
3/1/19,0
3/2/19,0
3/3/19,0
3/4/19,0
3/5/19,0
3/6/19,0
3/7/19,0
3/8/19,0
3/9/19,21.6
3/10/19,0.8
3/11/19,0
3/12/19,0
3/13/19,0
3/14/19,16.5
3/15/19,0
3/16/19,0.3
3/17/19,0
3/18/19,0
3/19/19,0
3/20/19,1.5
3/21/19,0
3/22/19,0
3/23/19,0
3/24/19,0
3/25/19,0
3/26/19,0
3/27/19,0
3/28/19,0.5
3/29/19,4.6
3/30/19,33.5
3/31/19,0
4/1/19,0
4/2/19,0
4/3/19,0
4/4/19,0
4/5/19,0
4/6/19,0
4/7/19,0
4/8/19,0
4/9/19,0
4/10/19,1.3
4/11/19,0
4/12/19,5.8
4/13/19,0
4/14/19,17.3
4/15/19,0
4/16/19,0
4/17/19,0
4/18/19,6.4
4/19/19,12.2
4/20/19,22.4
4/21/19,0
4/22/19,0
4/23/19,0
4/24/19,0
4/25/19,5.1
4/26/19,13.2
4/27/19,7.4
4/28/19,4.1
4/29/19,13.5
4/30/19,11.4
5/1/19,47.8
5/2/19,1.3
5/3/19,3.6
5/4/19,0
5/5/19,0
5/6/19,0
5/7/19,1.3
5/8/19,0
5/9/19,1.8
5/10/19,0.5
5/11/19,0.5
5/12/19,2.5
5/13/19,5.3
5/14/19,0
5/15/19,0
5/16/19,0
5/17/19,0
5/18/19,10.9
5/19/19,8.1
5/20/19,0
5/21/19,0
5/22/19,7.9
5/23/19,5.8
5/24/19,0.8
5/25/19,1.3
5/26/19,23.6
5/27/19,4.3
5/28/19,8.9
5/29/19,8.6
5/30/19,19.3
5/31/19,0
6/1/19,24.6
6/2/19,2.8
6/3/19,0
6/4/19,0
6/5/19,7.6
6/6/19,0
6/7/19,0
6/8/19,0
6/9/19,3
6/10/19,22.4
6/11/19,0
6/12/19,12.2
6/13/19,15.7
6/14/19,0
6/15/19,6.9
6/16/19,9.1
6/17/19,0
6/18/19,0
6/19/19,0
6/20/19,21.6
6/21/19,0
6/22/19,0
6/23/19,0.3
6/24/19,5.6
6/25/19,0.5
6/26/19,0
6/27/19,0
6/28/19,0
6/29/19,0
6/30/19,0
7/1/19,0
7/2/19,0
7/3/19,0
7/4/19,0.5
7/5/19,10.9
7/6/19,19.8
7/7/19,0
7/8/19,0
7/9/19,0
7/10/19,0
7/11/19,0
7/12/19,0
7/13/19,0
7/14/19,0
7/15/19,0.3
7/16/19,1.8
7/17/19,0
7/18/19,0
7/19/19,0
7/20/19,0
7/21/19,15.2
7/22/19,0
7/23/19,0
7/24/19,0
7/25/19,0
7/26/19,0
7/27/19,0
7/28/19,0
7/29/19,2.5
7/30/19,0
7/31/19,0
8/1/19,0
8/2/19,0
8/3/19,0
8/4/19,8.4
8/5/19,0
8/6/19,18
8/7/19,0
8/8/19,0
8/9/19,0
8/10/19,0
8/11/19,0
8/12/19,34
8/13/19,0.8
8/14/19,0.5
8/15/19,0.5
8/16/19,0
8/17/19,1.5
8/18/19,27.9
8/19/19,0
8/20/19,0
8/21/19,0
8/22/19,0
8/23/19,0
8/24/19,0
8/25/19,0
8/26/19,10.2
8/27/19,10.9
8/28/19,0.8
8/29/19,0
8/30/19,5.8
8/31/19,0
9/1/19,2.8
9/2/19,0
9/3/19,0
9/4/19,0
9/5/19,0
9/6/19,0
9/7/19,0
9/8/19,0
9/9/19,0
9/10/19,0
9/11/19,3.6
9/12/19,34.3
9/13/19,15
9/14/19,0
9/15/19,0.5
9/16/19,0
9/17/19,0
9/18/19,0
9/19/19,0
9/20/19,0
9/21/19,0
9/22/19,0
9/23/19,2.3
9/24/19,0
9/25/19,0
9/26/19,0
9/27/19,10.4
9/28/19,28.2
9/29/19,3.6
9/30/19,5.6
10/1/19,0
10/2/19,12.7
10/3/19,38.1
10/4/19,0
10/5/19,0
10/6/19,0
10/7/19,0
10/8/19,0
10/9/19,0
10/10/19,0
10/11/19,10.2
10/12/19,2.5
10/13/19,0
10/14/19,0
10/15/19,0
10/16/19,0
10/17/19,0
10/18/19,0
10/19/19,0
10/20/19,0
10/21/19,6.9
10/22/19,2
10/23/19,0
10/24/19,0
10/25/19,0
10/26/19,44.2
10/27/19,1
10/28/19,0
10/29/19,0
10/30/19,10.7
10/31/19,37.3
11/1/19,0
11/2/19,0
11/3/19,0
11/4/19,1
11/5/19,0
11/6/19,0
11/7/19,0
11/8/19,0
11/9/19,0
11/10/19,0.5
11/11/19,19.6
11/12/19,0
11/13/19,0
11/14/19,0
11/15/19,0
11/16/19,0
11/17/19,1
11/18/19,0
11/19/19,0
11/20/19,0
11/21/19,0
11/22/19,0
11/23/19,0
11/24/19,0
11/25/19,0
11/26/19,0
11/27/19,19.6
11/28/19,0
11/29/19,0
11/30/19,0
12/1/19,14.5
12/2/19,0.5
12/3/19,0
12/4/19,0
12/5/19,0
12/6/19,0
12/7/19,0
12/8/19,0
12/9/19,8.6
12/10/19,1
12/11/19,0
12/12/19,0
12/13/19,0
12/14/19,0
12/15/19,0
12/16/19,0
12/17/19,0
12/18/19,1
12/19/19,0
12/20/19,0
12/21/19,0
12/22/19,0
12/23/19,0
12/24/19,0
12/25/19,0
12/26/19,0
12/27/19,0
12/28/19,0
12/29/19,25.4
12/30/19,13.7
12/31/19,0.3
1/1/20,0
1/2/20,0
1/3/20,0
1/4/20,0
1/5/20,0
1/6/20,0
1/7/20,0
1/8/20,0
1/9/20,0
1/10/20,7.6
1/11/20,63
1/12/20,4.3
1/13/20,0
1/14/20,0
1/15/20,1.5
1/16/20,0
1/17/20,3.8
1/18/20,17.3
1/19/20,3.8
1/20/20,0
1/21/20,0
1/22/20,0
1/23/20,0
1/24/20,12.7
1/25/20,4.1
1/26/20,0
1/27/20,0
1/28/20,0
1/29/20,0
1/30/20,0
1/31/20,0
2/1/20,0
2/2/20,0
2/3/20,0
2/4/20,0
2/5/20,1
2/6/20,3.3
2/7/20,0
2/8/20,0
2/9/20,0.5
2/10/20,6.1
2/11/20,0
2/12/20,2
2/13/20,1.3
2/14/20,0
2/15/20,0
2/16/20,0
2/17/20,0
2/18/20,0
2/19/20,0
2/20/20,0
2/21/20,0
2/22/20,0
2/23/20,0
2/24/20,3.8
2/25/20,1.5
2/26/20,9.4
2/27/20,0
2/28/20,0
2/29/20,0
3/1/20,0
3/2/20,9.9
3/3/20,0.5
3/4/20,0
3/5/20,2.5
3/6/20,0
3/7/20,0
3/8/20,0
3/9/20,2.5
3/10/20,4.3
3/11/20,0
3/12/20,1
3/13/20,0
3/14/20,0
3/15/20,0
3/16/20,0
3/17/20,0
3/18/20,14.2
3/19/20,11.9
3/20/20,2.8
3/21/20,0
3/22/20,6.1
3/23/20,0.8
3/24/20,0
3/25/20,0
3/26/20,4.1
3/27/20,8.1
3/28/20,11.9
3/29/20,2.5
3/30/20,0
3/31/20,0
4/1/20,0
4/2/20,0
4/3/20,0
4/4/20,0
4/5/20,0
4/6/20,0
4/7/20,16.5
4/8/20,1
4/9/20,0.8
4/10/20,0
4/11/20,0
4/12/20,5.6
4/13/20,2
4/14/20,0
4/15/20,0
4/16/20,0
4/17/20,12.7
4/18/20,0
4/19/20,0
4/20/20,0
4/21/20,2.8
4/22/20,3.6
4/23/20,1.5
4/24/20,0
4/25/20,10.2
4/26/20,0
4/27/20,1
4/28/20,0
4/29/20,0.5
4/30/20,1
5/1/20,0
5/2/20,0
5/3/20,0
5/4/20,0
5/5/20,0
5/6/20,0
5/7/20,0
5/8/20,0
5/9/20,0
5/10/20,15.7
5/11/20,2.3
5/12/20,0
5/13/20,0
5/14/20,17.5
5/15/20,21.6
5/16/20,0
5/17/20,10.2
5/18/20,43.7
5/19/20,4.8
5/20/20,0
5/21/20,0.3
5/22/20,1.8
5/23/20,0
5/24/20,0
5/25/20,0
5/26/20,0
5/27/20,0
5/28/20,14
5/29/20,3.3
5/30/20,0
5/31/20,0
6/1/20,0.8
6/2/20,0
6/3/20,0
6/4/20,3
6/5/20,6.4
6/6/20,0
6/7/20,0
6/8/20,0
6/9/20,0
6/10/20,12.4
6/11/20,0
6/12/20,4.1
6/13/20,1.8
6/14/20,0
6/15/20,0
6/16/20,0
6/17/20,0
6/18/20,0
6/19/20,0
6/20/20,0
6/21/20,0
6/22/20,0
6/23/20,11.4
6/24/20,0
6/25/20,0
6/26/20,2.5
6/27/20,38.1
6/28/20,0
6/29/20,0
6/30/20,0
7/1/20,0
7/2/20,0
7/3/20,0
7/4/20,0
7/5/20,0
7/6/20,0
7/7/20,0
7/8/20,0
7/9/20,0
7/10/20,29.5
7/11/20,0
7/12/20,0
7/13/20,0
7/14/20,0
7/15/20,0
7/16/20,19.6
7/17/20,0
7/18/20,0
7/19/20,2
7/20/20,0
7/21/20,0
7/22/20,0.5
7/23/20,0
7/24/20,0
7/25/20,0
7/26/20,0
7/27/20,4.6
7/28/20,0
7/29/20,0
7/30/20,0
7/31/20,0
8/1/20,11.4
8/2/20,27.2
8/3/20,1.3
8/4/20,0
8/5/20,0
8/6/20,0
8/7/20,0
8/8/20,0
8/9/20,0
8/10/20,4.1
8/11/20,0
8/12/20,0
8/13/20,0
8/14/20,6.6
8/15/20,1.3
8/16/20,1.3
8/17/20,0
8/18/20,0
8/19/20,0
8/20/20,0
8/21/20,0
8/22/20,0
8/23/20,0
8/24/20,0
8/25/20,0
8/26/20,0
8/27/20,0
8/28/20,0
8/29/20,14.7
8/30/20,0
8/31/20,0
9/1/20,1
9/2/20,0.5
9/3/20,0
9/4/20,0
9/5/20,0
9/6/20,0
9/7/20,16
9/8/20,22.6
9/9/20,0
9/10/20,0.3
9/11/20,0.3
9/12/20,0
9/13/20,13.7
9/14/20,0
9/15/20,0
9/16/20,0
9/17/20,0
9/18/20,0
9/19/20,0
9/20/20,0
9/21/20,0
9/22/20,0
9/23/20,0
9/24/20,0
9/25/20,0
9/26/20,0
9/27/20,0
9/28/20,5.1
9/29/20,0
9/30/20,4.3
10/1/20,2.5
10/2/20,0
10/3/20,0
10/4/20,4.3
10/5/20,0
10/6/20,0
10/7/20,0
10/8/20,0
10/9/20,0
10/10/20,0
10/11/20,0
10/12/20,8.9
10/13/20,0
10/14/20,0
10/15/20,0
10/16/20,0
10/17/20,0
10/18/20,0
10/19/20,10.4
10/20/20,3
10/21/20,10.9
10/22/20,24.1
10/23/20,8.9
10/24/20,0
10/25/20,0
10/26/20,0
10/27/20,2.8
10/28/20,0
10/29/20,3
10/30/20,0
10/31/20,0
11/1/20,1.3
11/2/20,0
11/3/20,0
11/4/20,0
11/5/20,0
11/6/20,0
11/7/20,0
11/8/20,0
11/9/20,0
11/10/20,14.2
11/11/20,0
11/12/20,0
11/13/20,0
11/14/20,0
11/15/20,16.3
11/16/20,0
11/17/20,0
11/18/20,0
11/19/20,0
11/20/20,0
11/21/20,0
11/22/20,18.5
11/23/20,0
11/24/20,3.3
11/25/20,16.8
11/26/20,0
11/27/20,0
11/28/20,0
11/29/20,0
11/30/20,4.6
12/1/20,0
12/2/20,0
12/3/20,0
12/4/20,0
12/5/20,0
12/6/20,0
12/7/20,0
12/8/20,0
12/9/20,0
12/10/20,0
12/11/20,0
12/12/20,14.5
12/13/20,0
12/14/20,0
12/15/20,0
12/16/20,2.5
12/17/20,2
12/18/20,0
12/19/20,0
12/20/20,0
12/21/20,1.3
12/22/20,0
12/23/20,1.3
12/24/20,0
12/25/20,0.8
12/26/20,0
12/27/20,2.5
12/28/20,0
12/29/20,1.8
12/30/20,2.8
12/31/20,0
1/1/21,7.4
1/2/21,0.5
1/3/21,5.1
1/4/21,0
1/5/21,0
1/6/21,0
1/7/21,0
1/8/21,0
1/9/21,0
1/10/21,0
1/11/21,0
1/12/21,0
1/13/21,0
1/14/21,0
1/15/21,9.7
1/16/21,0
1/17/21,1
1/18/21,0
1/19/21,1
1/20/21,0
1/21/21,0
1/22/21,0
1/23/21,0
1/24/21,0
1/25/21,0
1/26/21,0.5
1/27/21,0
1/28/21,0
1/29/21,0
1/30/21,0
1/31/21,3
2/1/21,0.8
2/2/21,0
2/3/21,0
2/4/21,7.6
2/5/21,0.3
2/6/21,0
2/7/21,0.8
2/8/21,5.3
2/9/21,0
2/10/21,0.8
2/11/21,0
2/12/21,0
2/13/21,0.5
2/14/21,0
2/15/21,8.9
2/16/21,5.3
2/17/21,0
2/18/21,1.5
2/19/21,0
2/20/21,0
2/21/21,0
2/22/21,0.5
2/23/21,0
2/24/21,0
2/25/21,0
2/26/21,0
2/27/21,2.5
2/28/21,2
3/1/21,0
3/2/21,0
3/3/21,0
3/4/21,0
3/5/21,0
3/6/21,0
3/7/21,0
3/8/21,0
3/9/21,0
3/10/21,0
3/11/21,0
3/12/21,0
3/13/21,0
3/14/21,0
3/15/21,0
3/16/21,0
3/17/21,0
3/18/21,5.8
3/19/21,0
3/20/21,0
3/21/21,0
3/22/21,0
3/23/21,0.3
3/24/21,1.3
3/25/21,8.4
3/26/21,21.3
3/27/21,11.2
3/28/21,10.9
3/29/21,0
3/30/21,0
3/31/21,0
4/1/21,0
4/2/21,0
4/3/21,0
4/4/21,0
4/5/21,4.3
4/6/21,0
4/7/21,0
4/8/21,6.4
4/9/21,0.8
4/10/21,17.8
4/11/21,6.6
4/12/21,0
4/13/21,0
4/14/21,0
4/15/21,0.3
4/16/21,0
4/17/21,0
4/18/21,0
4/19/21,1.5
4/20/21,8.1
4/21/21,0.3
4/22/21,0
4/23/21,0
4/24/21,2
4/25/21,0
4/26/21,0
4/27/21,0
4/28/21,0
4/29/21,12.7
4/30/21,0
5/1/21,0
5/3/21,7.6
5/4/21,2
5/5/21,0
5/6/21,5.6
5/7/21,0.8
5/9/21,0
5/15/21,0
5/16/21,0
5/17/21,0
5/18/21,0
5/19/21,0
5/20/21,0
5/21/21,0
5/25/21,0
5/27/21,15.5
5/29/21,0
5/31/21,0
6/1/21,0
6/2/21,17.8
6/3/21,0
6/5/21,0
6/6/21,0
6/7/21,0
6/11/21,0
6/13/21,0
6/15/21,0
6/16/21,0
6/17/21,0
6/19/21,10.7
6/20/21,35.1
6/21/21,0
6/22/21,0
6/23/21,0
6/24/21,29.7
6/25/21,8.1
6/26/21,0
6/28/21,2.5
6/29/21,12.4
6/30/21,2
7/2/21,0
7/3/21,0
7/4/21,0
7/5/21,0
7/6/21,0
7/8/21,0
7/13/21,9.1
7/15/21,0
7/16/21,33.8